Data,TalhaoID,TipoFertilizante,Toneladas,CustoBRL
2022-01-01,1,Cloreto de Potássio,5.239,18944.72
2022-02-01,1,NPK,6.834,22334.65
2022-03-01,1,NPK,1.567,5203.86
2022-04-01,1,NPK,0.763,2482.68
2022-05-01,1,Ureia,1.313,3632.05
2022-08-01,1,Ureia,0.816,2319.87
2022-09-01,1,Cloreto de Potássio,5.802,21845.52
2022-10-01,1,Cloreto de Potássio,0.778,2853.08
2023-01-01,1,Ureia,4.598,13299.09
2023-02-01,1,Ureia,7.561,21285.32
2023-09-01,1,NPK,5.384,17740.53
2023-10-01,1,NPK,0.767,2370.78
2023-12-01,1,Cloreto de Potássio,1.073,4043.57
2024-01-01,1,Ureia,5.906,16742.63
2024-02-01,1,Cloreto de Potássio,5.013,18459.41
2024-04-01,1,NPK,1.772,5771.98
2024-07-01,1,Cloreto de Potássio,2.061,7185.22
2024-08-01,1,NPK,1.184,3698.72
2024-09-01,1,NPK,5.897,18441.67
2024-10-01,1,Ureia,0.85,2393.55
2024-12-01,1,Cloreto de Potássio,1.392,4869.86
2025-01-01,1,Cloreto de Potássio,5.501,20385.8
2025-02-01,1,NPK,6.582,20302.73
2025-04-01,1,Cloreto de Potássio,1.979,7341.99
2025-07-01,1,Ureia,1.849,5141.51
2025-08-01,1,NPK,1.934,6374.66
2025-09-01,1,Ureia,6.166,17843.52
2025-10-01,1,Cloreto de Potássio,0.842,3041.06
2025-12-01,1,Ureia,1.614,4454.38
2022-01-01,2,NPK,6.104,20212.43
2022-03-01,2,NPK,9.995,31898.95
2022-09-01,2,Superfosfato Simples,27.961,59804.18
2022-10-01,2,Cloreto de Potássio,34.416,129171.38
2022-11-01,2,Superfosfato Simples,35.193,74069.36
2022-12-01,2,NPK,8.786,29103.36
2023-02-01,2,Cloreto de Potássio,6.851,24204.55
2023-05-01,2,Cloreto de Potássio,7.358,26851.87
2023-09-01,2,Superfosfato Simples,28.403,59154.42
2023-10-01,2,Superfosfato Simples,32.69,66432.0
2023-11-01,2,Superfosfato Simples,37.116,78642.55
2023-12-01,2,Cloreto de Potássio,6.58,22833.29
2024-03-01,2,NPK,5.867,19261.87
2024-04-01,2,Cloreto de Potássio,9.848,34460.36
2024-07-01,2,Superfosfato Simples,10.172,21426.73
2024-09-01,2,Cloreto de Potássio,30.805,106831.21
2024-10-01,2,NPK,32.347,102310.05
2024-11-01,2,Superfosfato Simples,31.329,65962.35
2025-01-01,2,NPK,6.607,21944.16
2025-05-01,2,Cloreto de Potássio,10.197,36360.95
2025-07-01,2,Cloreto de Potássio,7.139,26525.47
2025-08-01,2,NPK,4.748,15331.75
2025-09-01,2,Superfosfato Simples,29.957,62067.19
2025-10-01,2,NPK,36.535,119493.28
2025-11-01,2,Cloreto de Potássio,30.104,110036.5
2022-01-01,3,Superfosfato Simples,6.743,14406.35
2022-03-01,3,NPK,7.525,24956.04
2022-04-01,3,NPK,5.078,16738.17
2022-07-01,3,Cloreto de Potássio,6.693,23937.73
2022-08-01,3,Cloreto de Potássio,6.312,22457.22
2022-09-01,3,NPK,27.267,89541.4
2022-10-01,3,Superfosfato Simples,26.693,54407.19
2022-11-01,3,NPK,31.964,107365.58
2023-01-01,3,NPK,5.474,17528.78
2023-02-01,3,Superfosfato Simples,5.193,11418.73
2023-03-01,3,Superfosfato Simples,7.273,15407.64
2023-04-01,3,Superfosfato Simples,8.354,17848.53
2023-05-01,3,NPK,5.562,18355.24
2023-09-01,3,Superfosfato Simples,28.726,58616.17
2023-10-01,3,Cloreto de Potássio,29.592,111853.88
2023-11-01,3,Cloreto de Potássio,30.866,114906.77
2024-01-01,3,Superfosfato Simples,6.902,14589.32
2024-03-01,3,NPK,6.578,21027.2
2024-04-01,3,NPK,3.309,10455.08
2024-06-01,3,Superfosfato Simples,5.028,10986.89
2024-07-01,3,Superfosfato Simples,4.865,10060.19
2024-08-01,3,Superfosfato Simples,6.214,12725.48
2024-09-01,3,Superfosfato Simples,31.612,67460.85
2024-10-01,3,Superfosfato Simples,32.507,65787.2
2024-11-01,3,Superfosfato Simples,30.197,65277.56
2025-02-01,3,Superfosfato Simples,6.286,13320.75
2025-03-01,3,Superfosfato Simples,4.856,10162.4
2025-05-01,3,Cloreto de Potássio,4.215,14845.67
2025-06-01,3,Superfosfato Simples,5.451,12007.12
2025-09-01,3,NPK,32.826,103858.36
2025-10-01,3,NPK,27.539,85717.14
2025-11-01,3,Superfosfato Simples,26.068,54613.18
2025-12-01,3,Superfosfato Simples,9.267,19945.3
2022-01-01,4,Cloreto de Potássio,7.475,26964.18
2022-02-01,4,Ureia,10.819,31658.54
2022-04-01,4,Ureia,1.418,3912.12
2022-05-01,4,NPK,2.733,8818.21
2022-06-01,4,Cloreto de Potássio,2.022,7227.66
2022-09-01,4,NPK,7.622,24629.18
2022-12-01,4,Cloreto de Potássio,1.754,6409.08
2023-01-01,4,NPK,7.321,24166.11
2023-02-01,4,Ureia,9.737,26661.49
2023-09-01,4,Cloreto de Potássio,9.586,33563.36
2023-10-01,4,Cloreto de Potássio,1.659,6130.9
2024-01-01,4,Cloreto de Potássio,11.232,40866.37
2024-02-01,4,NPK,8.654,28264.45
2024-03-01,4,Cloreto de Potássio,2.405,8991.24
2024-04-01,4,Cloreto de Potássio,2.168,8042.54
2024-05-01,4,Cloreto de Potássio,2.355,8505.47
2024-07-01,4,Cloreto de Potássio,2.564,9062.39
2024-08-01,4,NPK,2.32,7336.64
2024-09-01,4,NPK,8.662,27861.53
2024-10-01,4,Cloreto de Potássio,2.195,7630.21
2025-01-01,4,Cloreto de Potássio,9.587,34303.16
2025-02-01,4,Cloreto de Potássio,11.865,42321.43
2025-04-01,4,Cloreto de Potássio,2.668,9449.13
2025-06-01,4,NPK,1.628,5362.79
2025-07-01,4,NPK,2.52,7994.59
2025-08-01,4,Ureia,2.602,7370.21
2025-09-01,4,NPK,11.075,36632.7
2025-10-01,4,NPK,2.629,8799.61
2025-12-01,4,Ureia,2.59,7093.81
2022-02-01,5,Cloreto de Potássio,14.234,52609.56
2022-05-01,5,NPK,9.153,29207.5
2022-06-01,5,NPK,8.676,29062.7
2022-07-01,5,Ureia,9.189,25805.63
2022-09-01,5,NPK,11.229,36604.99
2022-10-01,5,NPK,56.774,189341.87
2022-11-01,5,NPK,56.843,189910.74
2022-12-01,5,Ureia,52.427,143385.25
2023-01-01,5,NPK,17.216,52933.5
2023-02-01,5,Ureia,9.375,26273.4
2023-03-01,5,NPK,14.855,49275.6
2023-10-01,5,Ureia,56.872,161009.23
2023-11-01,5,Cloreto de Potássio,64.474,241560.99
2023-12-01,5,NPK,71.482,227844.58
2024-02-01,5,NPK,14.703,46271.9
2024-04-01,5,Cloreto de Potássio,18.687,68050.81
2024-08-01,5,Cloreto de Potássio,12.29,44475.26
2024-09-01,5,NPK,15.651,50958.86
2024-10-01,5,NPK,73.905,231700.23
2024-11-01,5,Cloreto de Potássio,49.883,188377.34
2024-12-01,5,Ureia,63.209,181969.38
2025-01-01,5,Cloreto de Potássio,19.356,71627.57
2025-02-01,5,Cloreto de Potássio,8.464,30243.72
2025-03-01,5,Cloreto de Potássio,9.602,33813.43
2025-06-01,5,Cloreto de Potássio,13.803,50311.1
2025-09-01,5,Ureia,13.472,38127.18
2025-10-01,5,Ureia,69.716,200103.5
2025-11-01,5,Cloreto de Potássio,66.93,236035.34
2025-12-01,5,Cloreto de Potássio,52.654,183059.96
2022-01-01,6,Cloreto de Potássio,10.489,36357.83
2022-03-01,6,Superfosfato Simples,11.349,24946.86
2022-05-01,6,Cloreto de Potássio,8.552,30596.57
2022-06-01,6,Superfosfato Simples,9.56,20827.36
2022-08-01,6,NPK,6.811,22560.95
2022-09-01,6,Cloreto de Potássio,47.095,173037.11
2022-10-01,6,NPK,39.435,123955.38
2022-11-01,6,Superfosfato Simples,34.143,73772.02
2023-01-01,6,NPK,10.235,32151.33
2023-03-01,6,NPK,8.32,26145.46
2023-07-01,6,Cloreto de Potássio,9.784,34555.8
2023-08-01,6,Superfosfato Simples,9.193,19955.01
2023-09-01,6,Superfosfato Simples,37.814,79958.33
2023-10-01,6,Superfosfato Simples,36.074,79192.18
2023-11-01,6,Superfosfato Simples,49.908,107016.91
2023-12-01,6,Superfosfato Simples,4.706,10084.41
2024-01-01,6,NPK,7.053,22275.97
2024-06-01,6,NPK,5.73,18530.63
2024-07-01,6,NPK,8.383,26368.21
2024-09-01,6,Cloreto de Potássio,32.711,114029.18
2024-10-01,6,Cloreto de Potássio,41.254,147615.16
2024-11-01,6,NPK,37.938,118601.44
2024-12-01,6,Cloreto de Potássio,10.591,37319.3
2025-01-01,6,NPK,7.87,26300.77
2025-02-01,6,Cloreto de Potássio,6.31,23676.88
2025-03-01,6,NPK,10.299,33276.06
2025-04-01,6,Cloreto de Potássio,7.924,28177.18
2025-06-01,6,Superfosfato Simples,9.137,19230.95
2025-07-01,6,Cloreto de Potássio,11.93,41406.78
2025-08-01,6,Superfosfato Simples,9.703,21275.47
2025-09-01,6,NPK,41.947,131231.33
2025-10-01,6,NPK,37.088,119267.55
2025-11-01,6,Cloreto de Potássio,45.824,169701.34
2022-01-01,7,Superfosfato Simples,6.181,13389.59
2022-03-01,7,Superfosfato Simples,5.497,12110.83
2022-04-01,7,NPK,5.593,18704.19
2022-05-01,7,Superfosfato Simples,6.23,12832.19
2022-06-01,7,Cloreto de Potássio,2.764,9606.52
2022-07-01,7,Superfosfato Simples,7.801,16446.1
2022-09-01,7,Superfosfato Simples,21.717,46745.72
2022-10-01,7,Superfosfato Simples,23.018,49941.85
2022-11-01,7,NPK,27.252,84558.07
2023-04-01,7,Cloreto de Potássio,3.996,15052.18
2023-07-01,7,NPK,4.551,14837.52
2023-08-01,7,Cloreto de Potássio,5.913,21157.91
2023-09-01,7,Superfosfato Simples,24.837,50875.9
2023-10-01,7,Cloreto de Potássio,24.017,87405.97
2023-11-01,7,Superfosfato Simples,25.631,56124.71
2024-01-01,7,Cloreto de Potássio,6.401,22218.42
2024-03-01,7,NPK,7.445,23255.6
2024-04-01,7,NPK,2.744,9024.05
2024-05-01,7,NPK,4.395,14215.28
2024-06-01,7,Superfosfato Simples,7.368,15315.84
2024-07-01,7,Superfosfato Simples,3.93,7981.13
2024-08-01,7,NPK,4.178,13843.96
2024-09-01,7,Superfosfato Simples,24.621,51481.94
2024-10-01,7,Cloreto de Potássio,25.033,92869.17
2024-11-01,7,Superfosfato Simples,22.988,50432.82
2025-01-01,7,Superfosfato Simples,5.73,11871.57
2025-06-01,7,Cloreto de Potássio,3.62,12635.69
2025-09-01,7,NPK,22.819,70673.67
2025-10-01,7,Superfosfato Simples,25.11,52558.25
2025-11-01,7,NPK,19.721,63973.23
2025-12-01,7,Cloreto de Potássio,6.557,23484.86
2022-02-01,8,Superfosfato Simples,10.371,21929.36
2022-03-01,8,Cloreto de Potássio,4.476,16184.2
2022-09-01,8,Superfosfato Simples,26.852,56649.84
2022-10-01,8,NPK,33.089,104552.69
2022-11-01,8,Superfosfato Simples,36.537,76281.92
2022-12-01,8,Superfosfato Simples,6.338,13944.42
2023-03-01,8,Cloreto de Potássio,4.832,18216.0
2023-05-01,8,NPK,7.042,22293.95
2023-07-01,8,NPK,6.68,21660.31
2023-09-01,8,Superfosfato Simples,35.523,74713.63
2023-10-01,8,Cloreto de Potássio,35.036,130520.85
2023-11-01,8,Cloreto de Potássio,28.595,105059.31
2024-07-01,8,Superfosfato Simples,7.763,16263.94
2024-09-01,8,Superfosfato Simples,41.861,89089.92
2024-10-01,8,NPK,35.981,117348.05
2024-11-01,8,NPK,32.324,104542.52
2024-12-01,8,Cloreto de Potássio,8.964,33784.35
2025-06-01,8,Cloreto de Potássio,7.749,27943.15
2025-07-01,8,NPK,7.972,25598.4
2025-09-01,8,Superfosfato Simples,36.713,74996.46
2025-10-01,8,NPK,31.129,100300.16
2025-11-01,8,Superfosfato Simples,29.166,62639.48
2022-02-01,9,Cloreto de Potássio,7.248,25305.91
2022-03-01,9,Cloreto de Potássio,15.502,54451.13
2022-05-01,9,Ureia,14.133,40232.41
2022-07-01,9,NPK,9.978,31944.34
2022-10-01,9,Cloreto de Potássio,40.981,152368.52
2022-11-01,9,Cloreto de Potássio,36.402,128010.36
2022-12-01,9,Ureia,44.978,128502.9
2023-02-01,9,Ureia,8.683,24624.34
2023-04-01,9,Cloreto de Potássio,12.772,47453.07
2023-05-01,9,Ureia,12.12,32938.54
2023-08-01,9,NPK,10.69,34609.35
2023-10-01,9,Cloreto de Potássio,50.403,189391.55
2023-11-01,9,Ureia,40.103,109214.69
2023-12-01,9,NPK,45.793,152090.94
2024-01-01,9,Ureia,10.157,29769.0
2024-04-01,9,Ureia,10.921,29815.94
2024-05-01,9,NPK,13.228,41683.51
2024-09-01,9,NPK,13.926,45077.65
2024-10-01,9,Ureia,46.821,132250.36
2024-11-01,9,Ureia,60.416,170716.34
2024-12-01,9,Cloreto de Potássio,56.924,210586.69
2025-02-01,9,NPK,10.415,33311.88
2025-03-01,9,Cloreto de Potássio,13.394,48841.05
2025-05-01,9,NPK,11.777,38840.98
2025-06-01,9,Cloreto de Potássio,14.744,52298.02
2025-09-01,9,Cloreto de Potássio,8.618,32535.52
2025-10-01,9,Ureia,51.781,151176.17
2025-11-01,9,NPK,68.972,225815.08
2025-12-01,9,Ureia,41.01,118796.84
2022-01-01,10,Superfosfato Simples,11.651,24880.99
2022-02-01,10,NPK,8.041,25634.88
2022-03-01,10,Cloreto de Potássio,12.824,48268.03
2022-06-01,10,Cloreto de Potássio,12.82,46942.84
2022-07-01,10,Cloreto de Potássio,14.162,49943.38
2022-09-01,10,Cloreto de Potássio,38.951,138877.17
2022-10-01,10,Cloreto de Potássio,49.058,182074.37
2022-11-01,10,NPK,57.828,179305.98
2022-12-01,10,NPK,8.86,28343.94
2023-02-01,10,NPK,7.728,25703.78
2023-04-01,10,Cloreto de Potássio,12.661,44783.55
2023-06-01,10,Cloreto de Potássio,6.91,25506.33
2023-07-01,10,NPK,8.745,26867.38
2023-09-01,10,Superfosfato Simples,38.006,79817.07
2023-10-01,10,NPK,36.565,122733.66
2023-11-01,10,NPK,42.655,133848.69
2024-01-01,10,Cloreto de Potássio,6.439,22539.27
2024-02-01,10,Superfosfato Simples,11.977,24469.0
2024-05-01,10,Superfosfato Simples,10.422,22484.66
2024-06-01,10,NPK,11.524,35689.44
2024-08-01,10,Cloreto de Potássio,11.122,39570.95
2024-09-01,10,NPK,39.534,124274.03
2024-10-01,10,Cloreto de Potássio,53.734,199266.42
2024-11-01,10,Superfosfato Simples,57.176,124731.24
2025-01-01,10,Superfosfato Simples,7.467,15130.48
2025-02-01,10,NPK,15.338,48183.28
2025-03-01,10,NPK,7.011,23530.47
2025-04-01,10,Superfosfato Simples,7.634,15997.38
2025-08-01,10,NPK,6.607,20795.59
2025-09-01,10,Cloreto de Potássio,36.52,132207.58
2025-10-01,10,Cloreto de Potássio,53.092,190772.21
2025-11-01,10,Superfosfato Simples,49.676,105930.74
2022-04-01,11,Superfosfato Simples,3.637,7856.83
2022-05-01,11,Cloreto de Potássio,3.915,14456.16
2022-06-01,11,Cloreto de Potássio,1.926,6728.63
2022-07-01,11,Superfosfato Simples,2.183,4706.51
2022-09-01,11,NPK,19.115,61454.09
2022-10-01,11,Superfosfato Simples,15.768,32560.88
2022-11-01,11,Cloreto de Potássio,16.755,61884.11
2023-01-01,11,Superfosfato Simples,3.076,6238.35
2023-02-01,11,Cloreto de Potássio,3.593,13012.03
2023-04-01,11,NPK,2.355,7841.09
2023-05-01,11,NPK,2.491,7683.95
2023-06-01,11,Cloreto de Potássio,2.795,10492.86
2023-08-01,11,Superfosfato Simples,2.23,4807.85
2023-09-01,11,Cloreto de Potássio,15.992,60013.77
2023-10-01,11,Superfosfato Simples,17.033,35538.69
2023-11-01,11,NPK,18.759,58833.43
2024-03-01,11,Cloreto de Potássio,5.378,19156.68
2024-04-01,11,Superfosfato Simples,1.912,4138.09
2024-05-01,11,Cloreto de Potássio,2.792,10551.76
2024-06-01,11,NPK,4.65,14486.44
2024-07-01,11,Superfosfato Simples,2.121,4612.5
2024-08-01,11,Superfosfato Simples,4.792,10001.46
2024-09-01,11,NPK,18.64,60106.29
2024-10-01,11,NPK,15.646,52446.91
2024-11-01,11,NPK,14.231,47493.5
2024-12-01,11,Cloreto de Potássio,4.021,14493.86
2025-01-01,11,Superfosfato Simples,4.17,9052.96
2025-03-01,11,NPK,4.006,12642.95
2025-04-01,11,Superfosfato Simples,5.287,10984.6
2025-07-01,11,NPK,2.708,8440.18
2025-09-01,11,Superfosfato Simples,17.449,36358.77
2025-10-01,11,Cloreto de Potássio,19.957,70684.95
2025-11-01,11,Superfosfato Simples,14.002,29033.1
2025-12-01,11,Cloreto de Potássio,3.983,13956.66
2022-01-01,12,NPK,62.806,202227.56
2022-02-01,12,Ureia,53.292,143666.32
2022-05-01,12,Ureia,8.513,23143.49
2022-07-01,12,NPK,7.751,24642.02
2022-08-01,12,NPK,12.939,43167.34
2022-09-01,12,Ureia,47.371,138106.79
2022-12-01,12,Ureia,14.104,41260.61
2023-01-01,12,NPK,47.247,156323.57
2023-02-01,12,Cloreto de Potássio,45.914,165025.9
2023-04-01,12,Ureia,8.961,24165.41
2023-05-01,12,NPK,8.365,27824.0
2023-09-01,12,Cloreto de Potássio,53.321,188581.65
2023-10-01,12,NPK,10.696,35266.76
2024-01-01,12,Cloreto de Potássio,59.414,211525.71
2024-02-01,12,Cloreto de Potássio,44.368,156484.27
2024-03-01,12,NPK,13.391,43178.96
2024-04-01,12,Ureia,19.022,52319.25
2024-07-01,12,Ureia,15.186,43023.07
2024-08-01,12,Ureia,11.533,31512.51
2024-09-01,12,Cloreto de Potássio,60.856,217392.59
2024-10-01,12,Cloreto de Potássio,13.54,49266.76
2024-11-01,12,NPK,9.223,29773.06
2025-01-01,12,Cloreto de Potássio,40.7,143544.59
2025-02-01,12,Cloreto de Potássio,50.638,178310.3
2025-04-01,12,NPK,18.0,55604.74
2025-06-01,12,Cloreto de Potássio,7.333,27387.71
2025-07-01,12,NPK,11.641,37725.84
2025-09-01,12,Cloreto de Potássio,57.29,215603.85
2025-10-01,12,Ureia,17.774,50944.02
2025-11-01,12,NPK,16.823,52761.85
2025-12-01,12,Cloreto de Potássio,8.038,28546.34
2022-03-01,13,Cloreto de Potássio,8.131,28186.05
2022-04-01,13,NPK,10.856,35349.51
2022-10-01,13,NPK,31.359,103755.6
2022-11-01,13,Ureia,37.182,104130.08
2022-12-01,13,NPK,28.067,89054.87
2023-01-01,13,Ureia,7.881,22639.05
2023-02-01,13,Ureia,9.837,27312.53
2023-04-01,13,Cloreto de Potássio,9.36,33032.27
2023-06-01,13,Ureia,3.665,10730.46
2023-10-01,13,NPK,37.579,119100.24
2023-11-01,13,Cloreto de Potássio,44.371,153791.74
2023-12-01,13,Ureia,37.312,101771.84
2024-04-01,13,Ureia,9.415,26874.84
2024-10-01,13,NPK,25.011,78955.48
2024-11-01,13,NPK,37.875,117409.93
2024-12-01,13,NPK,31.218,100159.47
2025-02-01,13,Ureia,8.034,21779.9
2025-05-01,13,Ureia,6.598,18466.58
2025-07-01,13,Cloreto de Potássio,7.447,27347.32
2025-10-01,13,Cloreto de Potássio,39.817,140542.63
2025-11-01,13,Cloreto de Potássio,28.099,100921.4
2025-12-01,13,Ureia,38.903,110185.9
2022-01-01,14,NPK,8.567,28545.24
2022-02-01,14,Cloreto de Potássio,11.037,41006.27
2022-03-01,14,NPK,2.209,6896.03
2022-04-01,14,Ureia,3.329,8984.15
2022-06-01,14,Ureia,1.673,4848.68
2022-08-01,14,NPK,2.719,8788.44
2022-09-01,14,Cloreto de Potássio,11.132,40124.66
2022-10-01,14,Cloreto de Potássio,2.818,10452.71
2023-01-01,14,Ureia,10.844,31676.21
2023-02-01,14,NPK,9.711,32258.32
2023-03-01,14,Cloreto de Potássio,2.848,10290.76
2023-04-01,14,Ureia,1.2,3412.56
2023-05-01,14,NPK,1.97,6443.61
2023-09-01,14,NPK,9.445,29860.87
2023-10-01,14,Ureia,3.081,8386.07
2023-11-01,14,NPK,2.251,7387.54
2023-12-01,14,NPK,1.351,4438.56
2024-01-01,14,Ureia,12.732,35876.84
2024-02-01,14,Cloreto de Potássio,8.686,31154.05
2024-03-01,14,Ureia,2.36,6458.32
2024-04-01,14,NPK,2.825,8719.54
2024-09-01,14,Cloreto de Potássio,11.075,38384.87
2024-11-01,14,Cloreto de Potássio,1.718,6244.3
2025-01-01,14,Cloreto de Potássio,11.78,41056.68
2025-02-01,14,Cloreto de Potássio,7.813,28975.8
2025-07-01,14,Cloreto de Potássio,2.544,8799.4
2025-08-01,14,Ureia,2.706,7426.32
2025-09-01,14,Cloreto de Potássio,12.463,46976.98
2025-10-01,14,NPK,2.104,6741.62
2022-02-01,15,Cloreto de Potássio,4.836,18227.57
2022-03-01,15,Ureia,5.417,14968.34
2022-06-01,15,Ureia,6.127,17482.43
2022-07-01,15,Cloreto de Potássio,5.342,19786.84
2022-08-01,15,Cloreto de Potássio,6.877,24667.3
2022-10-01,15,Ureia,17.767,52223.65
2022-11-01,15,Ureia,20.642,59318.02
2022-12-01,15,NPK,26.88,85231.97
2023-01-01,15,Ureia,6.223,18149.04
2023-02-01,15,Cloreto de Potássio,5.571,20835.45
2023-07-01,15,Cloreto de Potássio,5.967,22361.14
2023-08-01,15,Ureia,3.583,10010.76
2023-09-01,15,Ureia,4.615,13395.06
2023-10-01,15,Cloreto de Potássio,25.606,93308.81
2023-11-01,15,NPK,25.106,80744.35
2023-12-01,15,Ureia,27.083,75618.53
2024-01-01,15,Ureia,3.935,10983.04
2024-02-01,15,Ureia,7.206,20935.76
2024-06-01,15,Ureia,3.935,10848.52
2024-07-01,15,Ureia,3.851,11113.5
2024-08-01,15,Ureia,3.399,9482.04
2024-09-01,15,NPK,4.225,13868.27
2024-10-01,15,Cloreto de Potássio,31.854,112054.31
2024-11-01,15,NPK,27.196,85318.33
2024-12-01,15,NPK,27.408,87224.93
2025-01-01,15,Ureia,3.982,11655.36
2025-06-01,15,Ureia,3.937,10939.08
2025-08-01,15,NPK,7.346,23041.5
2025-09-01,15,Cloreto de Potássio,3.532,12399.97
2025-10-01,15,NPK,24.527,77997.22
2025-11-01,15,Cloreto de Potássio,28.281,98184.34
2025-12-01,15,Cloreto de Potássio,31.605,117788.77
2022-06-01,16,NPK,4.131,13048.68
2022-07-01,16,Cloreto de Potássio,5.989,22057.7
2022-09-01,16,Ureia,5.676,15420.17
2022-10-01,16,NPK,19.844,65406.86
2022-11-01,16,Ureia,32.187,92224.32
2022-12-01,16,Ureia,20.971,61181.0
2023-01-01,16,NPK,5.192,16954.11
2023-02-01,16,NPK,7.639,25555.82
2023-03-01,16,Ureia,3.551,10121.67
2023-05-01,16,NPK,3.948,13122.17
2023-06-01,16,Ureia,5.068,14566.0
2023-08-01,16,Cloreto de Potássio,3.481,12760.28
2023-10-01,16,Ureia,33.652,97906.32
2023-11-01,16,NPK,23.103,71729.82
2023-12-01,16,Ureia,24.832,71065.59
2024-03-01,16,Cloreto de Potássio,3.644,12662.91
2024-04-01,16,Cloreto de Potássio,3.85,13907.69
2024-05-01,16,Ureia,5.548,15767.76
2024-06-01,16,NPK,8.173,26244.54
2024-08-01,16,Cloreto de Potássio,4.914,17483.09
2024-09-01,16,Cloreto de Potássio,7.094,26180.43
2024-10-01,16,Ureia,26.002,73294.78
2024-11-01,16,Ureia,29.739,84897.46
2024-12-01,16,Cloreto de Potássio,23.133,84755.03
2025-02-01,16,NPK,8.237,26830.37
2025-04-01,16,NPK,8.448,27780.5
2025-09-01,16,NPK,5.579,17876.34
2025-10-01,16,Ureia,30.662,85873.87
2025-11-01,16,Cloreto de Potássio,22.965,79499.25
2025-12-01,16,Cloreto de Potássio,23.668,81797.91
2022-02-01,17,Superfosfato Simples,1.592,3378.67
2022-03-01,17,NPK,1.385,4580.44
2022-04-01,17,Superfosfato Simples,1.335,2810.74
2022-05-01,17,Superfosfato Simples,1.646,3387.32
2022-07-01,17,Superfosfato Simples,2.047,4271.4
2022-09-01,17,Superfosfato Simples,8.155,17584.91
2022-10-01,17,NPK,6.351,19853.31
2022-11-01,17,Cloreto de Potássio,8.076,30068.2
2023-02-01,17,Superfosfato Simples,0.91,1935.83
2023-03-01,17,Superfosfato Simples,1.513,3088.71
2023-07-01,17,Superfosfato Simples,2.011,4351.05
2023-08-01,17,NPK,1.679,5207.96
2023-09-01,17,Cloreto de Potássio,7.816,28288.7
2023-10-01,17,Superfosfato Simples,7.513,16228.75
2023-11-01,17,Cloreto de Potássio,7.114,25629.76
2024-02-01,17,Superfosfato Simples,1.85,3921.14
2024-04-01,17,NPK,1.548,5033.72
2024-07-01,17,NPK,2.351,7563.45
2024-08-01,17,Cloreto de Potássio,1.201,4369.45
2024-09-01,17,Superfosfato Simples,8.323,17435.88
2024-10-01,17,Cloreto de Potássio,8.712,32585.52
2024-11-01,17,NPK,6.335,19507.23
2025-01-01,17,NPK,1.221,4096.77
2025-02-01,17,Cloreto de Potássio,0.975,3434.04
2025-06-01,17,NPK,1.897,6233.19
2025-07-01,17,Superfosfato Simples,1.29,2670.77
2025-08-01,17,Superfosfato Simples,2.193,4550.68
2025-09-01,17,Cloreto de Potássio,6.859,24156.03
2025-10-01,17,Cloreto de Potássio,9.374,34917.35
2025-11-01,17,Superfosfato Simples,9.222,19232.51
2025-12-01,17,Superfosfato Simples,1.836,4035.99
2022-01-01,18,Cloreto de Potássio,40.583,141234.03
2022-02-01,18,Ureia,60.299,167815.37
2022-04-01,18,NPK,6.839,21020.53
2022-06-01,18,Cloreto de Potássio,6.4,22223.85
2022-07-01,18,NPK,11.766,38821.84
2022-08-01,18,Cloreto de Potássio,6.448,22743.82
2022-09-01,18,Cloreto de Potássio,37.494,131515.31
2023-01-01,18,NPK,59.166,187905.88
2023-02-01,18,Cloreto de Potássio,45.524,164334.98
2023-03-01,18,Ureia,13.412,38312.35
2023-05-01,18,Ureia,11.938,34142.72
2023-07-01,18,Cloreto de Potássio,14.512,53557.52
2023-09-01,18,Cloreto de Potássio,52.337,194490.19
2023-12-01,18,Ureia,7.52,20530.98
2024-01-01,18,Ureia,60.594,172449.74
2024-02-01,18,Ureia,45.279,131579.31
2024-06-01,18,Cloreto de Potássio,16.492,61360.6
2024-08-01,18,Ureia,6.266,16981.21
2024-09-01,18,Cloreto de Potássio,43.271,150532.16
2024-10-01,18,NPK,14.603,47510.9
2025-01-01,18,Cloreto de Potássio,55.706,205520.19
2025-02-01,18,Ureia,44.072,126249.63
2025-04-01,18,NPK,7.41,24057.98
2025-06-01,18,Ureia,10.496,29466.94
2025-09-01,18,Cloreto de Potássio,52.239,185530.62
2025-10-01,18,Cloreto de Potássio,9.704,35574.21
2025-11-01,18,Ureia,6.486,17635.79
2022-01-01,19,Cloreto de Potássio,10.005,35258.19
2022-02-01,19,Superfosfato Simples,10.0,21769.26
2022-05-01,19,Superfosfato Simples,6.209,13455.75
2022-06-01,19,Superfosfato Simples,12.804,26929.11
2022-09-01,19,Superfosfato Simples,30.566,64975.14
2022-10-01,19,Superfosfato Simples,47.554,101760.06
2022-11-01,19,NPK,34.961,110599.9
2023-01-01,19,Superfosfato Simples,7.53,15987.22
2023-02-01,19,Cloreto de Potássio,11.968,42315.98
2023-04-01,19,NPK,9.123,29811.4
2023-08-01,19,Superfosfato Simples,8.162,17390.39
2023-09-01,19,NPK,52.101,173428.26
2023-10-01,19,Superfosfato Simples,38.532,78237.35
2023-11-01,19,Superfosfato Simples,30.865,65908.42
2023-12-01,19,NPK,10.266,34216.74
2024-01-01,19,Cloreto de Potássio,10.674,39150.8
2024-04-01,19,NPK,10.806,34642.24
2024-08-01,19,Superfosfato Simples,13.076,28052.03
2024-09-01,19,NPK,44.183,138009.75
2024-10-01,19,NPK,53.27,174935.75
2024-11-01,19,NPK,41.555,136770.14
2025-03-01,19,Cloreto de Potássio,10.243,36958.53
2025-06-01,19,Superfosfato Simples,8.269,17660.47
2025-08-01,19,Cloreto de Potássio,10.324,37866.27
2025-09-01,19,NPK,43.046,138642.51
2025-10-01,19,Superfosfato Simples,45.578,95381.27
2025-11-01,19,Cloreto de Potássio,48.522,181639.38
2022-01-01,20,Ureia,60.126,162786.71
2022-02-01,20,Ureia,52.079,142053.5
2022-03-01,20,NPK,15.047,49739.63
2022-04-01,20,Ureia,10.974,31131.91
2022-05-01,20,Ureia,9.711,27506.59
2022-07-01,20,Ureia,6.494,17728.09
2022-08-01,20,Cloreto de Potássio,11.158,40867.18
2022-09-01,20,NPK,63.866,213619.58
2022-11-01,20,Ureia,10.875,31507.61
2022-12-01,20,Ureia,15.301,43532.1
2023-01-01,20,Cloreto de Potássio,50.008,178379.81
2023-02-01,20,Ureia,53.629,149266.09
2023-06-01,20,Cloreto de Potássio,14.436,50341.23
2023-08-01,20,Cloreto de Potássio,6.957,25739.31
2023-09-01,20,Cloreto de Potássio,45.844,166447.12
2023-11-01,20,NPK,13.215,42006.11
2024-01-01,20,NPK,52.392,172861.75
2024-02-01,20,Cloreto de Potássio,53.184,199447.78
2024-03-01,20,NPK,12.411,39832.07
2024-05-01,20,NPK,10.168,31991.05
2024-07-01,20,Cloreto de Potássio,6.392,22105.65
2024-08-01,20,NPK,13.288,41228.62
2024-09-01,20,NPK,54.218,179907.98
2025-01-01,20,NPK,64.002,206790.86
2025-02-01,20,Cloreto de Potássio,53.631,194991.12
2025-06-01,20,Cloreto de Potássio,15.851,55392.65
2025-08-01,20,Cloreto de Potássio,15.626,56031.43
2025-09-01,20,Cloreto de Potássio,52.959,194772.55
2025-12-01,20,NPK,16.576,55341.43
2022-01-01,21,Ureia,4.624,12861.43
2022-02-01,21,NPK,5.769,18742.45
2022-04-01,21,Ureia,1.348,3840.93
2022-07-01,21,Ureia,1.378,3976.3
2022-09-01,21,Cloreto de Potássio,5.844,20265.14
2023-01-01,21,NPK,6.93,22625.5
2023-02-01,21,Ureia,4.83,13880.0
2023-06-01,21,NPK,1.548,4856.34
2023-07-01,21,Ureia,1.082,2979.61
2023-09-01,21,NPK,4.06,12869.84
2024-01-01,21,NPK,5.965,19517.05
2024-02-01,21,Ureia,6.71,19317.31
2024-03-01,21,Cloreto de Potássio,1.127,4209.68
2024-07-01,21,NPK,0.912,2909.99
2024-09-01,21,NPK,5.846,18376.89
2024-11-01,21,Ureia,1.395,3917.29
2025-01-01,21,Cloreto de Potássio,6.271,23060.52
2025-02-01,21,Ureia,6.639,18238.56
2025-06-01,21,Ureia,1.54,4186.04
2025-08-01,21,Cloreto de Potássio,1.073,4041.34
2025-09-01,21,NPK,6.309,20275.83
2025-10-01,21,NPK,1.792,5599.4
2025-11-01,21,Cloreto de Potássio,1.196,4183.07
2022-02-01,22,Superfosfato Simples,2.158,4666.99
2022-08-01,22,Cloreto de Potássio,3.208,11723.76
2022-09-01,22,NPK,16.749,52752.48
2022-10-01,22,NPK,21.352,68660.47
2022-11-01,22,Cloreto de Potássio,16.892,60376.83
2023-02-01,22,NPK,6.111,20041.6
2023-03-01,22,NPK,4.599,14321.3
2023-04-01,22,NPK,2.913,9302.37
2023-06-01,22,Cloreto de Potássio,4.587,17019.82
2023-08-01,22,Superfosfato Simples,4.22,8637.8
2023-09-01,22,Superfosfato Simples,15.739,32016.29
2023-10-01,22,Cloreto de Potássio,19.829,72129.05
2023-11-01,22,NPK,21.259,67828.69
2024-01-01,22,Superfosfato Simples,4.643,9929.92
2024-03-01,22,Cloreto de Potássio,3.731,13830.88
2024-06-01,22,NPK,4.416,14380.65
2024-07-01,22,Cloreto de Potássio,3.948,14730.16
2024-09-01,22,Cloreto de Potássio,15.608,57243.53
2024-10-01,22,Cloreto de Potássio,21.635,76671.94
2024-11-01,22,Cloreto de Potássio,20.439,75589.92
2025-03-01,22,Cloreto de Potássio,2.607,9804.15
2025-04-01,22,NPK,2.4,7438.85
2025-05-01,22,Cloreto de Potássio,3.746,13582.14
2025-06-01,22,NPK,2.752,8973.15
2025-07-01,22,Cloreto de Potássio,3.306,11900.22
2025-09-01,22,NPK,18.648,60850.33
2025-10-01,22,Cloreto de Potássio,22.057,79567.78
2025-11-01,22,Superfosfato Simples,25.2,52921.91
2025-12-01,22,Superfosfato Simples,4.687,9853.42
2022-01-01,23,NPK,20.537,66185.75
2022-02-01,23,NPK,17.42,55930.67
2022-09-01,23,Ureia,18.294,50759.61
2022-12-01,23,Ureia,5.182,14929.34
2023-01-01,23,Ureia,20.24,57201.27
2023-02-01,23,NPK,16.499,52560.68
2023-04-01,23,NPK,3.289,10178.84
2023-05-01,23,Cloreto de Potássio,4.075,15149.44
2023-06-01,23,NPK,3.169,10112.01
2023-07-01,23,Cloreto de Potássio,2.529,9113.33
2023-09-01,23,NPK,19.054,58640.32
2024-01-01,23,Cloreto de Potássio,14.186,51041.89
2024-02-01,23,Ureia,12.942,36397.85
2024-05-01,23,Ureia,5.607,15538.25
2024-06-01,23,NPK,4.954,15320.54
2024-09-01,23,Ureia,22.068,59997.03
2024-10-01,23,NPK,3.129,9835.02
2024-11-01,23,Ureia,2.917,8223.98
2024-12-01,23,NPK,3.909,13062.43
2025-01-01,23,Cloreto de Potássio,16.52,62110.65
2025-02-01,23,Cloreto de Potássio,17.6,62529.55
2025-05-01,23,NPK,5.368,16992.19
2025-09-01,23,Ureia,18.503,52445.48
2025-10-01,23,Ureia,4.296,11816.91
2025-12-01,23,Cloreto de Potássio,3.698,12852.24
2022-07-01,24,Cloreto de Potássio,9.008,33271.53
2022-09-01,24,Cloreto de Potássio,38.079,142688.37
2022-10-01,24,Cloreto de Potássio,37.552,136383.08
2022-11-01,24,Superfosfato Simples,38.703,80568.37
2022-12-01,24,Superfosfato Simples,6.956,14234.1
2023-03-01,24,Superfosfato Simples,8.654,18274.01
2023-04-01,24,Cloreto de Potássio,11.72,43451.07
2023-06-01,24,Cloreto de Potássio,9.74,34260.62
2023-07-01,24,Cloreto de Potássio,9.711,34576.23
2023-08-01,24,NPK,5.383,16604.44
2023-09-01,24,NPK,43.373,135766.11
2023-10-01,24,Superfosfato Simples,35.613,76115.35
2023-11-01,24,Superfosfato Simples,37.313,80168.78
2024-02-01,24,NPK,5.652,18430.36
2024-03-01,24,Superfosfato Simples,11.213,22734.05
2024-04-01,24,Cloreto de Potássio,11.924,44277.83
2024-06-01,24,Cloreto de Potássio,9.306,32396.52
2024-09-01,24,Cloreto de Potássio,31.398,110438.86
2024-10-01,24,Superfosfato Simples,38.453,84407.34
2024-11-01,24,Superfosfato Simples,41.757,85014.84
2024-12-01,24,Superfosfato Simples,7.41,15536.67
2025-02-01,24,Superfosfato Simples,9.246,18916.35
2025-03-01,24,Cloreto de Potássio,8.087,29389.99
2025-04-01,24,Superfosfato Simples,11.443,24000.33
2025-05-01,24,NPK,9.852,31329.54
2025-06-01,24,Cloreto de Potássio,10.509,37842.8
2025-08-01,24,Superfosfato Simples,13.071,26684.85
2025-09-01,24,NPK,42.908,134468.05
2025-10-01,24,Superfosfato Simples,40.161,87206.47
2025-11-01,24,Superfosfato Simples,48.702,106706.05
2022-05-01,25,NPK,5.483,17744.63
2022-06-01,25,Cloreto de Potássio,4.572,16975.38
2022-08-01,25,NPK,8.183,26540.96
2022-09-01,25,Superfosfato Simples,30.655,64011.08
2022-10-01,25,Cloreto de Potássio,39.035,139305.35
2022-11-01,25,NPK,35.597,118270.98
2023-01-01,25,Superfosfato Simples,6.863,14331.93
2023-09-01,25,Cloreto de Potássio,35.124,129956.0
2023-10-01,25,Cloreto de Potássio,30.755,109176.86
2023-11-01,25,NPK,28.732,92202.31
2023-12-01,25,Cloreto de Potássio,6.947,25138.35
2024-01-01,25,Superfosfato Simples,4.33,8891.41
2024-03-01,25,Superfosfato Simples,8.413,17352.15
2024-05-01,25,NPK,6.552,20340.09
2024-09-01,25,Cloreto de Potássio,32.339,113537.01
2024-10-01,25,Cloreto de Potássio,33.551,122726.57
2024-11-01,25,NPK,35.676,111648.38
2025-01-01,25,NPK,8.948,28114.6
2025-02-01,25,Cloreto de Potássio,5.292,18312.7
2025-03-01,25,NPK,4.634,14678.57
2025-04-01,25,Cloreto de Potássio,5.43,19731.59
2025-05-01,25,Superfosfato Simples,11.187,22591.87
2025-06-01,25,NPK,7.632,23577.63
2025-08-01,25,NPK,5.739,17740.28
2025-09-01,25,Superfosfato Simples,37.972,79136.74
2025-10-01,25,Superfosfato Simples,27.255,56937.14
2025-11-01,25,Superfosfato Simples,41.444,84331.29
2022-01-01,26,Superfosfato Simples,11.196,24616.91
2022-02-01,26,Superfosfato Simples,12.585,26096.65
2022-04-01,26,Cloreto de Potássio,6.683,24450.26
2022-06-01,26,Superfosfato Simples,12.48,25767.47
2022-08-01,26,Cloreto de Potássio,18.661,65856.33
2022-09-01,26,NPK,49.593,153603.65
2022-10-01,26,Superfosfato Simples,56.911,124119.51
2022-11-01,26,Superfosfato Simples,57.767,118125.98
2022-12-01,26,Superfosfato Simples,15.536,31707.5
2023-01-01,26,NPK,13.385,44443.89
2023-03-01,26,NPK,11.259,36715.54
2023-04-01,26,Superfosfato Simples,7.379,16199.01
2023-07-01,26,Cloreto de Potássio,15.338,57784.8
2023-09-01,26,Superfosfato Simples,66.035,144774.09
2023-10-01,26,NPK,53.486,166335.32
2023-11-01,26,Superfosfato Simples,49.206,101681.1
2023-12-01,26,Superfosfato Simples,8.437,17050.59
2024-02-01,26,Cloreto de Potássio,8.679,31996.82
2024-04-01,26,NPK,11.198,35129.99
2024-06-01,26,NPK,18.802,61779.64
2024-07-01,26,Cloreto de Potássio,13.768,51450.32
2024-09-01,26,NPK,52.414,167469.86
2024-10-01,26,Cloreto de Potássio,65.47,241541.42
2024-11-01,26,Superfosfato Simples,59.824,127319.19
2025-01-01,26,Cloreto de Potássio,15.98,57592.49
2025-02-01,26,Superfosfato Simples,16.032,33519.23
2025-03-01,26,Superfosfato Simples,13.27,29166.53
2025-06-01,26,NPK,15.019,47965.72
2025-07-01,26,NPK,7.358,23586.15
2025-08-01,26,NPK,7.753,25556.02
2025-09-01,26,NPK,72.516,230978.2
2025-10-01,26,Cloreto de Potássio,48.526,176987.05
2025-11-01,26,Cloreto de Potássio,59.745,208224.36
2022-01-01,27,Ureia,33.563,96293.27
2022-02-01,27,NPK,23.171,75412.63
2022-04-01,27,Cloreto de Potássio,8.643,32529.83
2022-07-01,27,Cloreto de Potássio,9.078,33910.92
2022-09-01,27,Ureia,27.069,75623.6
2022-11-01,27,Ureia,6.309,18387.16
2022-12-01,27,Ureia,3.669,10286.33
2023-01-01,27,Ureia,35.965,102184.19
2023-02-01,27,Cloreto de Potássio,28.93,104441.08
2023-05-01,27,Cloreto de Potássio,5.099,18660.7
2023-06-01,27,Ureia,4.487,12799.73
2023-08-01,27,NPK,8.222,26042.03
2023-09-01,27,Ureia,23.286,63539.49
2023-11-01,27,Cloreto de Potássio,7.985,28055.17
2024-01-01,27,Ureia,35.822,103227.0
2024-02-01,27,Ureia,31.802,91562.01
2024-03-01,27,Ureia,4.005,11466.49
2024-07-01,27,Cloreto de Potássio,6.859,25881.13
2024-09-01,27,Cloreto de Potássio,27.348,102789.67
2024-10-01,27,NPK,5.568,17521.28
2024-11-01,27,Cloreto de Potássio,8.272,30095.96
2025-01-01,27,Ureia,34.203,99554.1
2025-02-01,27,Ureia,27.402,73667.49
2025-04-01,27,Cloreto de Potássio,4.81,18180.22
2025-07-01,27,Ureia,7.006,20050.36
2025-09-01,27,Cloreto de Potássio,25.271,89988.8
2025-11-01,27,Cloreto de Potássio,6.209,23389.78
2025-12-01,27,Cloreto de Potássio,5.325,19229.81
2022-06-01,28,Cloreto de Potássio,6.903,25931.84
2022-09-01,28,Superfosfato Simples,25.322,53613.82
2022-10-01,28,Cloreto de Potássio,21.589,75074.73
2022-11-01,28,Cloreto de Potássio,21.647,81710.77
2022-12-01,28,Cloreto de Potássio,6.81,23948.8
2023-02-01,28,Superfosfato Simples,4.61,9321.32
2023-07-01,28,NPK,3.664,11650.69
2023-09-01,28,Superfosfato Simples,19.323,39046.23
2023-10-01,28,NPK,24.128,76484.64
2023-11-01,28,Cloreto de Potássio,26.102,96767.23
2024-01-01,28,Superfosfato Simples,7.603,16754.15
2024-05-01,28,NPK,3.282,10731.72
2024-06-01,28,NPK,3.256,10099.11
2024-07-01,28,Cloreto de Potássio,5.877,21527.38
2024-09-01,28,Superfosfato Simples,20.697,42973.58
2024-10-01,28,NPK,22.251,69364.35
2024-11-01,28,Superfosfato Simples,22.862,48311.01
2025-04-01,28,NPK,4.116,13013.46
2025-05-01,28,NPK,5.115,16406.73
2025-06-01,28,Cloreto de Potássio,3.118,11171.73
2025-07-01,28,Superfosfato Simples,7.668,16472.24
2025-08-01,28,Superfosfato Simples,4.818,10403.69
2025-09-01,28,Cloreto de Potássio,26.223,95450.77
2025-10-01,28,Superfosfato Simples,22.433,47210.34
2025-11-01,28,Superfosfato Simples,26.014,56212.8
2022-01-01,29,Cloreto de Potássio,6.673,25035.54
2022-03-01,29,Cloreto de Potássio,11.291,40679.93
2022-09-01,29,NPK,48.972,157606.07
2022-10-01,29,NPK,43.138,136568.46
2022-11-01,29,Superfosfato Simples,48.613,102239.18
2022-12-01,29,NPK,6.57,22025.8
2023-03-01,29,Cloreto de Potássio,10.869,39560.73
2023-05-01,29,Superfosfato Simples,6.798,14900.76
2023-06-01,29,Cloreto de Potássio,9.503,33844.2
2023-09-01,29,Superfosfato Simples,39.574,80594.54
2023-10-01,29,Cloreto de Potássio,52.902,188441.17
2023-11-01,29,NPK,42.294,139879.19
2023-12-01,29,NPK,13.369,43984.52
2024-01-01,29,Superfosfato Simples,8.82,18744.52
2024-03-01,29,Superfosfato Simples,8.132,16862.19
2024-04-01,29,Cloreto de Potássio,10.029,37878.07
2024-05-01,29,NPK,10.694,35477.57
2024-07-01,29,Superfosfato Simples,12.375,26867.64
2024-09-01,29,NPK,56.229,179726.67
2024-10-01,29,Superfosfato Simples,48.118,100487.09
2024-11-01,29,Superfosfato Simples,43.23,88568.52
2025-01-01,29,Cloreto de Potássio,12.667,44410.28
2025-02-01,29,NPK,10.551,34382.92
2025-04-01,29,NPK,12.527,38788.39
2025-05-01,29,Superfosfato Simples,9.03,19236.04
2025-09-01,29,Cloreto de Potássio,46.688,164768.49
2025-10-01,29,Cloreto de Potássio,39.889,148800.51
2025-11-01,29,Cloreto de Potássio,40.978,153921.85
2025-12-01,29,Cloreto de Potássio,5.024,18510.33
2022-03-01,30,Cloreto de Potássio,1.038,3743.69
2022-05-01,30,Superfosfato Simples,0.908,1944.43
2022-06-01,30,Superfosfato Simples,1.753,3637.58
2022-09-01,30,Superfosfato Simples,7.696,16833.03
2022-10-01,30,Cloreto de Potássio,6.879,25914.76
2022-11-01,30,NPK,7.448,24371.16
2022-12-01,30,Cloreto de Potássio,1.287,4473.48
2023-04-01,30,Cloreto de Potássio,2.012,7269.48
2023-07-01,30,Cloreto de Potássio,1.198,4473.27
2023-09-01,30,Superfosfato Simples,5.495,11845.38
2023-10-01,30,NPK,7.364,23176.28
2023-11-01,30,Superfosfato Simples,7.68,16734.11
2024-03-01,30,Cloreto de Potássio,1.054,3905.7
2024-06-01,30,Cloreto de Potássio,1.195,4150.95
2024-08-01,30,Cloreto de Potássio,0.9,3198.28
2024-09-01,30,Superfosfato Simples,8.477,17463.99
2024-10-01,30,Cloreto de Potássio,7.652,26805.17
2024-11-01,30,Cloreto de Potássio,7.526,26941.34
2025-02-01,30,Cloreto de Potássio,1.002,3773.34
2025-04-01,30,Cloreto de Potássio,2.051,7621.41
2025-06-01,30,NPK,1.595,5237.15
2025-07-01,30,Superfosfato Simples,1.1,2424.09
2025-09-01,30,NPK,5.251,16149.16
2025-10-01,30,Cloreto de Potássio,5.627,20087.78
2025-11-01,30,NPK,7.719,23765.46
2022-01-01,31,Superfosfato Simples,10.32,22049.69
2022-02-01,31,NPK,5.835,18556.91
2022-03-01,31,NPK,10.18,33899.89
2022-04-01,31,NPK,6.412,20877.27
2022-05-01,31,Superfosfato Simples,6.534,14123.29
2022-09-01,31,Cloreto de Potássio,42.688,161304.74
2022-10-01,31,NPK,37.491,119929.42
2022-11-01,31,Superfosfato Simples,42.66,89168.27
2022-12-01,31,Cloreto de Potássio,5.371,18942.21
2023-01-01,31,NPK,12.471,38436.12
2023-03-01,31,Cloreto de Potássio,9.691,33959.48
2023-04-01,31,Cloreto de Potássio,12.508,43842.05
2023-08-01,31,Cloreto de Potássio,10.724,39994.86
2023-09-01,31,Superfosfato Simples,47.763,98328.97
2023-10-01,31,Cloreto de Potássio,39.72,138832.12
2023-11-01,31,Cloreto de Potássio,45.105,165847.24
2024-01-01,31,Superfosfato Simples,11.461,24953.83
2024-03-01,31,NPK,10.451,32637.07
2024-07-01,31,Cloreto de Potássio,12.414,44859.57
2024-08-01,31,NPK,7.739,24204.58
2024-09-01,31,Cloreto de Potássio,45.897,164401.25
2024-10-01,31,Cloreto de Potássio,47.718,173168.46
2024-11-01,31,NPK,46.485,143297.84
2025-01-01,31,Superfosfato Simples,4.741,10155.8
2025-03-01,31,Superfosfato Simples,11.24,23154.79
2025-05-01,31,Superfosfato Simples,7.991,16179.03
2025-06-01,31,NPK,5.488,18288.99
2025-07-01,31,Superfosfato Simples,5.766,11693.96
2025-08-01,31,Superfosfato Simples,5.891,12121.84
2025-09-01,31,Superfosfato Simples,46.821,100394.39
2025-10-01,31,Superfosfato Simples,42.957,91033.28
2025-11-01,31,NPK,42.81,140934.7
2025-12-01,31,NPK,7.004,23044.38
2022-05-01,32,Superfosfato Simples,5.827,12421.72
2022-06-01,32,NPK,4.551,13990.14
2022-07-01,32,Cloreto de Potássio,10.14,36411.28
2022-08-01,32,NPK,10.887,33893.51
2022-09-01,32,NPK,34.678,115899.76
2022-10-01,32,NPK,36.614,120040.95
2022-11-01,32,Cloreto de Potássio,37.084,132341.84
2023-06-01,32,Superfosfato Simples,8.313,17794.91
2023-09-01,32,Cloreto de Potássio,46.722,169002.58
2023-10-01,32,NPK,37.168,121082.93
2023-11-01,32,Cloreto de Potássio,35.66,130367.59
2023-12-01,32,NPK,7.461,24907.5
2024-02-01,32,NPK,7.903,25919.98
2024-03-01,32,Superfosfato Simples,6.845,14961.75
2024-09-01,32,NPK,38.6,123815.1
2024-10-01,32,NPK,43.992,137882.17
2024-11-01,32,Cloreto de Potássio,39.734,139076.75
2024-12-01,32,NPK,10.842,34355.44
2025-02-01,32,Cloreto de Potássio,6.518,23494.65
2025-05-01,32,Superfosfato Simples,10.44,22926.99
2025-06-01,32,NPK,9.718,30095.72
2025-07-01,32,Superfosfato Simples,9.822,20680.12
2025-09-01,32,NPK,32.575,102395.46
2025-10-01,32,Superfosfato Simples,38.155,83744.18
2025-11-01,32,Cloreto de Potássio,53.466,201758.21
2022-01-01,33,Ureia,29.933,83670.99
2022-02-01,33,Cloreto de Potássio,29.186,108633.16
2022-05-01,33,Ureia,3.513,9560.43
2022-07-01,33,NPK,3.776,11775.83
2022-09-01,33,NPK,30.04,96295.11
2022-11-01,33,Cloreto de Potássio,4.683,16888.92
2022-12-01,33,Cloreto de Potássio,7.434,26493.75
2023-01-01,33,NPK,23.097,75597.4
2023-02-01,33,Ureia,31.274,90272.35
2023-04-01,33,Cloreto de Potássio,6.93,24767.36
2023-09-01,33,Cloreto de Potássio,28.567,99347.74
2023-10-01,33,Ureia,5.034,14215.95
2023-11-01,33,Cloreto de Potássio,8.106,28565.33
2023-12-01,33,NPK,4.528,14566.7
2024-01-01,33,NPK,26.255,83265.77
2024-02-01,33,Ureia,30.066,84379.67
2024-04-01,33,NPK,8.753,28905.66
2024-05-01,33,Ureia,9.098,24887.26
2024-06-01,33,Ureia,3.867,10675.51
2024-07-01,33,Cloreto de Potássio,3.894,13644.33
2024-09-01,33,Ureia,28.845,79666.39
2024-10-01,33,NPK,6.156,19656.09
2024-11-01,33,Ureia,3.324,9665.17
2025-01-01,33,NPK,37.846,122570.59
2025-02-01,33,NPK,34.893,113154.05
2025-03-01,33,NPK,8.598,27817.7
2025-04-01,33,Ureia,5.746,16146.43
2025-05-01,33,NPK,7.444,23477.65
2025-06-01,33,Cloreto de Potássio,6.786,24079.58
2025-07-01,33,Cloreto de Potássio,9.051,33610.02
2025-09-01,33,Cloreto de Potássio,28.499,99660.36
2025-12-01,33,NPK,3.583,11159.64
2022-02-01,34,NPK,4.709,15014.71
2022-08-01,34,Superfosfato Simples,6.921,14339.34
2022-09-01,34,Superfosfato Simples,29.94,64132.73
2022-10-01,34,Cloreto de Potássio,27.506,98079.07
2022-11-01,34,NPK,19.274,59983.65
2022-12-01,34,NPK,3.997,12792.16
2023-03-01,34,Cloreto de Potássio,5.165,18177.76
2023-05-01,34,Superfosfato Simples,6.536,13663.81
2023-07-01,34,Superfosfato Simples,4.657,9706.31
2023-09-01,34,Cloreto de Potássio,26.632,92145.38
2023-10-01,34,Cloreto de Potássio,21.29,79609.14
2023-11-01,34,Cloreto de Potássio,20.567,76020.88
2024-03-01,34,Cloreto de Potássio,7.521,26332.68
2024-04-01,34,Cloreto de Potássio,3.002,11336.26
2024-07-01,34,NPK,5.513,17586.05
2024-08-01,34,Superfosfato Simples,4.866,10332.15
2024-09-01,34,Cloreto de Potássio,26.836,95262.06
2024-10-01,34,Cloreto de Potássio,25.991,96853.01
2024-11-01,34,Cloreto de Potássio,22.621,79823.73
2024-12-01,34,Superfosfato Simples,3.384,7355.71
2025-02-01,34,Cloreto de Potássio,7.178,26916.07
2025-03-01,34,Cloreto de Potássio,3.168,11969.22
2025-05-01,34,Cloreto de Potássio,5.836,21356.67
2025-07-01,34,Superfosfato Simples,3.459,6984.81
2025-09-01,34,Cloreto de Potássio,23.844,89190.27
2025-10-01,34,Cloreto de Potássio,19.518,69738.14
2025-11-01,34,NPK,29.039,91631.94
2022-01-01,35,NPK,11.561,38061.48
2022-02-01,35,Cloreto de Potássio,7.149,26622.09
2022-03-01,35,Superfosfato Simples,9.139,19050.4
2022-09-01,35,NPK,55.276,171438.31
2022-10-01,35,NPK,40.283,132973.81
2022-11-01,35,Superfosfato Simples,53.739,116931.08
2022-12-01,35,Cloreto de Potássio,13.669,49279.47
2023-02-01,35,Cloreto de Potássio,15.358,56515.91
2023-05-01,35,NPK,12.452,40798.35
2023-07-01,35,NPK,8.829,28872.22
2023-09-01,35,Cloreto de Potássio,49.918,183689.51
2023-10-01,35,Cloreto de Potássio,52.557,194533.23
2023-11-01,35,Superfosfato Simples,37.939,80166.91
2024-04-01,35,Superfosfato Simples,14.88,30575.73
2024-05-01,35,NPK,7.736,24089.29
2024-06-01,35,Cloreto de Potássio,9.129,32024.72
2024-08-01,35,NPK,8.729,28875.89
2024-09-01,35,Superfosfato Simples,59.191,121471.92
2024-10-01,35,Superfosfato Simples,52.109,105094.38
2024-11-01,35,Superfosfato Simples,63.319,137838.82
2025-01-01,35,NPK,8.498,26548.47
2025-07-01,35,NPK,6.884,22130.65
2025-09-01,35,NPK,51.587,163350.09
2025-10-01,35,Superfosfato Simples,43.074,92830.37
2025-11-01,35,NPK,62.798,202933.48
2022-01-01,36,Cloreto de Potássio,5.7,21433.5
2022-04-01,36,Superfosfato Simples,10.056,21524.52
2022-08-01,36,NPK,6.085,18806.52
2022-09-01,36,Superfosfato Simples,48.042,104516.41
2022-10-01,36,Cloreto de Potássio,37.362,137901.83
2022-11-01,36,Superfosfato Simples,39.182,83387.13
2022-12-01,36,Cloreto de Potássio,12.451,44950.2
2023-01-01,36,Cloreto de Potássio,8.248,28898.92
2023-06-01,36,NPK,5.362,17241.31
2023-09-01,36,Cloreto de Potássio,42.632,155927.27
2023-10-01,36,Superfosfato Simples,31.831,68789.06
2023-11-01,36,Superfosfato Simples,44.622,94157.01
2024-02-01,36,NPK,8.645,29024.07
2024-03-01,36,Cloreto de Potássio,5.934,21358.77
2024-06-01,36,NPK,12.718,40869.88
2024-08-01,36,Superfosfato Simples,8.416,17746.94
2024-09-01,36,Cloreto de Potássio,44.818,161801.73
2024-10-01,36,Cloreto de Potássio,50.105,177438.77
2024-11-01,36,Superfosfato Simples,43.929,91489.71
2024-12-01,36,NPK,6.952,21613.22
2025-02-01,36,Superfosfato Simples,10.87,22615.01
2025-07-01,36,Superfosfato Simples,7.519,15279.01
2025-08-01,36,NPK,11.735,36116.54
2025-09-01,36,Cloreto de Potássio,40.805,148532.16
2025-10-01,36,Superfosfato Simples,49.47,104123.13
2025-11-01,36,Superfosfato Simples,33.951,70949.67
2025-12-01,36,Superfosfato Simples,11.202,23019.18
2022-02-01,37,Cloreto de Potássio,8.541,30523.15
2022-05-01,37,Superfosfato Simples,10.849,22310.55
2022-08-01,37,NPK,10.507,34449.3
2022-09-01,37,Cloreto de Potássio,39.185,136277.41
2022-10-01,37,NPK,41.742,132406.76
2022-11-01,37,Superfosfato Simples,32.572,70615.44
2023-04-01,37,NPK,8.256,27456.96
2023-05-01,37,Cloreto de Potássio,7.722,27220.02
2023-06-01,37,Superfosfato Simples,9.938,21035.61
2023-07-01,37,Superfosfato Simples,10.067,21677.58
2023-09-01,37,NPK,32.94,102619.17
2023-10-01,37,Cloreto de Potássio,39.336,141173.93
2023-11-01,37,Superfosfato Simples,47.919,98448.27
2024-01-01,37,Superfosfato Simples,8.999,18543.6
2024-05-01,37,Cloreto de Potássio,6.863,24656.93
2024-06-01,37,NPK,5.738,18054.15
2024-07-01,37,NPK,8.924,29891.57
2024-09-01,37,NPK,33.426,105706.54
2024-10-01,37,Cloreto de Potássio,32.261,120867.6
2024-11-01,37,Cloreto de Potássio,45.421,170854.93
2024-12-01,37,Superfosfato Simples,5.088,10738.46
2025-02-01,37,Superfosfato Simples,9.757,20134.46
2025-03-01,37,Cloreto de Potássio,5.937,21151.68
2025-04-01,37,NPK,8.099,27062.19
2025-09-01,37,NPK,41.424,133104.56
2025-10-01,37,Cloreto de Potássio,41.508,150791.15
2025-11-01,37,Cloreto de Potássio,37.344,139701.53
2025-12-01,37,Cloreto de Potássio,7.818,27072.39
2022-01-01,38,Ureia,2.619,7567.16
2022-03-01,38,Superfosfato Simples,2.436,5053.36
2022-04-01,38,NPK,2.066,6665.03
2022-05-01,38,NPK,9.069,30236.22
2022-06-01,38,Superfosfato Simples,10.907,22608.77
2022-07-01,38,NPK,2.629,8769.76
2022-08-01,38,Superfosfato Simples,3.179,6883.11
2022-11-01,38,Superfosfato Simples,2.315,4980.92
2022-12-01,38,Ureia,3.085,8495.36
2023-03-01,38,Ureia,2.286,6160.52
2023-05-01,38,Ureia,11.576,31513.29
2023-06-01,38,Superfosfato Simples,10.445,22193.83
2023-09-01,38,NPK,2.934,9728.92
2023-10-01,38,Superfosfato Simples,2.781,6065.62
2024-01-01,38,NPK,1.862,5942.34
2024-03-01,38,NPK,3.573,10997.59
2024-05-01,38,NPK,11.416,38051.48
2024-06-01,38,Ureia,12.221,35473.42
2024-08-01,38,Superfosfato Simples,2.353,4819.3
2024-09-01,38,Superfosfato Simples,1.28,2780.61
2025-01-01,38,Ureia,2.926,8229.46
2025-03-01,38,Superfosfato Simples,2.889,6221.02
2025-05-01,38,NPK,10.218,32243.67
2025-06-01,38,NPK,10.25,32579.17
2025-07-01,38,NPK,2.047,6802.13
2025-08-01,38,Superfosfato Simples,2.022,4347.09
2025-09-01,38,NPK,1.68,5186.17
2025-10-01,38,Ureia,2.247,6571.82
2025-11-01,38,NPK,2.745,8436.88
2022-02-01,39,Superfosfato Simples,4.579,9266.85
2022-09-01,39,Cloreto de Potássio,21.513,75163.34
2022-10-01,39,Cloreto de Potássio,14.808,54764.35
2022-11-01,39,Cloreto de Potássio,22.565,82465.82
2022-12-01,39,NPK,3.209,10149.67
2023-01-01,39,Superfosfato Simples,5.065,10820.5
2023-09-01,39,Cloreto de Potássio,18.626,64617.63
2023-10-01,39,Cloreto de Potássio,20.143,72601.7
2023-11-01,39,NPK,17.938,55744.35
2024-01-01,39,Superfosfato Simples,2.934,6371.08
2024-02-01,39,NPK,4.867,15688.74
2024-03-01,39,Cloreto de Potássio,3.772,13863.3
2024-04-01,39,Superfosfato Simples,2.612,5326.02
2024-06-01,39,NPK,2.74,8481.25
2024-07-01,39,Cloreto de Potássio,5.125,18698.68
2024-09-01,39,Cloreto de Potássio,26.121,93024.0
2024-10-01,39,Superfosfato Simples,24.295,49572.53
2024-11-01,39,Cloreto de Potássio,25.899,92218.76
2025-02-01,39,NPK,4.012,12602.27
2025-03-01,39,NPK,3.742,11671.02
2025-04-01,39,Superfosfato Simples,3.89,7955.56
2025-06-01,39,Superfosfato Simples,6.146,13091.37
2025-09-01,39,Cloreto de Potássio,18.979,71036.0
2025-10-01,39,Cloreto de Potássio,21.604,75294.95
2025-11-01,39,NPK,20.217,64634.2
2022-05-01,40,Superfosfato Simples,16.17,34210.15
2022-06-01,40,Superfosfato Simples,15.653,32850.33
2022-07-01,40,NPK,3.137,10255.11
2022-11-01,40,Ureia,3.965,10765.46
2023-02-01,40,Superfosfato Simples,3.58,7613.49
2023-03-01,40,Superfosfato Simples,2.053,4208.52
2023-05-01,40,Ureia,14.398,39781.78
2023-06-01,40,Ureia,17.048,47758.04
2023-07-01,40,NPK,3.306,10357.0
2023-09-01,40,Superfosfato Simples,2.862,6058.85
2024-02-01,40,Ureia,5.394,15485.79
2024-04-01,40,Ureia,4.208,12026.99
2024-05-01,40,NPK,17.495,53814.55
2024-06-01,40,NPK,12.679,42086.62
2024-08-01,40,Ureia,4.094,11890.06
2024-11-01,40,NPK,2.405,7503.21
2025-01-01,40,Superfosfato Simples,5.312,11296.54
2025-03-01,40,NPK,4.414,13690.32
2025-04-01,40,Superfosfato Simples,3.428,7388.4
2025-05-01,40,Superfosfato Simples,18.335,37091.64
2025-06-01,40,Ureia,16.706,47480.07
2025-07-01,40,Ureia,4.82,13029.89
2025-09-01,40,Ureia,3.717,10382.02
2025-12-01,40,NPK,3.334,10396.96
2022-01-01,41,Superfosfato Simples,10.247,21083.45
2022-02-01,41,Superfosfato Simples,9.291,19884.27
2022-05-01,41,Superfosfato Simples,16.392,35067.78
2022-08-01,41,Superfosfato Simples,6.854,14788.25
2022-09-01,41,NPK,49.158,153226.39
2022-10-01,41,Cloreto de Potássio,52.918,188090.85
2022-11-01,41,NPK,39.38,125044.52
2023-01-01,41,Superfosfato Simples,8.231,16643.43
2023-04-01,41,Cloreto de Potássio,6.655,25142.24
2023-05-01,41,Superfosfato Simples,14.524,30014.66
2023-07-01,41,Superfosfato Simples,11.529,23352.33
2023-08-01,41,NPK,15.433,51742.25
2023-09-01,41,NPK,58.697,194240.1
2023-10-01,41,Superfosfato Simples,37.578,76595.73
2023-11-01,41,Superfosfato Simples,43.348,89782.87
2024-02-01,41,Cloreto de Potássio,7.255,26998.82
2024-05-01,41,Cloreto de Potássio,12.54,44725.01
2024-09-01,41,Superfosfato Simples,56.36,116236.32
2024-10-01,41,NPK,58.463,181921.79
2024-11-01,41,Cloreto de Potássio,55.428,208652.96
2025-01-01,41,NPK,16.054,52635.87
2025-06-01,41,NPK,10.538,34376.33
2025-07-01,41,Superfosfato Simples,14.292,31459.96
2025-08-01,41,Cloreto de Potássio,17.127,61421.69
2025-09-01,41,Cloreto de Potássio,58.482,215785.86
2025-10-01,41,Cloreto de Potássio,47.689,178722.52
2025-11-01,41,Cloreto de Potássio,51.865,186743.32
2022-01-01,42,Cloreto de Potássio,17.384,62569.44
2022-02-01,42,Cloreto de Potássio,16.005,57410.89
2022-07-01,42,Cloreto de Potássio,3.867,13720.09
2022-09-01,42,Cloreto de Potássio,16.484,57823.38
2022-11-01,42,NPK,3.526,11569.63
2022-12-01,42,NPK,1.979,6227.54
2023-01-01,42,Cloreto de Potássio,15.153,56990.36
2023-02-01,42,Ureia,16.345,45801.85
2023-03-01,42,Cloreto de Potássio,5.013,18485.67
2023-04-01,42,Ureia,4.376,12149.02
2023-06-01,42,Cloreto de Potássio,4.391,15712.59
2023-07-01,42,Ureia,2.235,6471.12
2023-09-01,42,NPK,14.246,44099.93
2023-11-01,42,NPK,3.407,11130.41
2024-01-01,42,NPK,18.329,59391.08
2024-02-01,42,Cloreto de Potássio,19.769,74285.09
2024-04-01,42,Ureia,4.339,12193.29
2024-06-01,42,Cloreto de Potássio,3.679,12968.09
2024-08-01,42,Ureia,4.963,14092.95
2024-09-01,42,Cloreto de Potássio,14.856,52736.24
2025-01-01,42,Ureia,15.594,45025.86
2025-02-01,42,Ureia,14.894,43551.23
2025-06-01,42,Ureia,2.0,5814.69
2025-08-01,42,NPK,4.267,13692.23
2025-09-01,42,Ureia,19.317,54381.23
2022-01-01,43,Cloreto de Potássio,25.539,93761.3
2022-02-01,43,NPK,20.774,65845.92
2022-04-01,43,Ureia,4.43,12874.56
2022-05-01,43,Cloreto de Potássio,5.586,19864.19
2022-06-01,43,Cloreto de Potássio,5.074,18426.51
2022-07-01,43,NPK,7.049,22674.94
2022-09-01,43,Ureia,24.673,68030.63
2022-11-01,43,Ureia,6.585,19039.5
2022-12-01,43,Ureia,4.024,11161.24
2023-01-01,43,Cloreto de Potássio,18.195,64752.95
2023-02-01,43,Ureia,19.304,54524.7
2023-05-01,43,Cloreto de Potássio,3.75,13165.57
2023-06-01,43,Ureia,3.784,10455.58
2023-09-01,43,Ureia,26.033,70317.04
2023-11-01,43,Cloreto de Potássio,3.808,13635.52
2024-01-01,43,NPK,19.407,59984.16
2024-02-01,43,Ureia,19.789,54535.09
2024-03-01,43,Cloreto de Potássio,5.675,20810.81
2024-05-01,43,Cloreto de Potássio,5.273,18571.08
2024-06-01,43,Ureia,5.034,14213.29
2024-08-01,43,NPK,4.395,14717.98
2024-09-01,43,Ureia,26.186,70391.55
2024-10-01,43,Cloreto de Potássio,5.185,18558.0
2024-12-01,43,Ureia,5.586,15242.39
2025-01-01,43,Ureia,22.684,63234.3
2025-02-01,43,Cloreto de Potássio,19.059,72035.74
2025-03-01,43,NPK,3.863,12850.55
2025-04-01,43,Cloreto de Potássio,6.575,23687.63
2025-06-01,43,Cloreto de Potássio,4.465,15906.21
2025-07-01,43,Cloreto de Potássio,3.799,13715.89
2025-08-01,43,Cloreto de Potássio,6.022,22184.26
2025-09-01,43,Cloreto de Potássio,27.671,101469.84
2025-11-01,43,Ureia,6.764,18783.32
2025-12-01,43,Ureia,6.688,19391.62
2022-01-01,44,Superfosfato Simples,2.993,6563.5
2022-05-01,44,Superfosfato Simples,10.367,21275.11
2022-06-01,44,Ureia,12.223,33536.6
2022-07-01,44,Superfosfato Simples,2.899,6339.97
2022-08-01,44,Ureia,1.527,4256.99
2022-09-01,44,Ureia,2.387,6532.81
2022-10-01,44,NPK,2.665,8237.05
2023-02-01,44,Superfosfato Simples,1.726,3542.2
2023-03-01,44,Ureia,3.499,9947.11
2023-04-01,44,Superfosfato Simples,2.785,5951.94
2023-05-01,44,Superfosfato Simples,11.532,24191.27
2023-06-01,44,Ureia,12.378,34888.76
2023-10-01,44,Ureia,1.449,4058.81
2024-02-01,44,Ureia,1.381,3859.62
2024-05-01,44,Ureia,9.032,25701.23
2024-06-01,44,NPK,8.646,28035.94
2024-07-01,44,NPK,1.885,6047.82
2024-08-01,44,Ureia,3.306,9548.11
2024-09-01,44,NPK,3.042,9892.89
2024-10-01,44,NPK,1.307,4157.16
2024-11-01,44,NPK,2.954,9856.63
2025-02-01,44,Ureia,1.491,4027.42
2025-03-01,44,Superfosfato Simples,2.248,4631.01
2025-04-01,44,Superfosfato Simples,2.478,5213.06
2025-05-01,44,NPK,11.203,35511.38
2025-06-01,44,Superfosfato Simples,14.201,30017.41
2025-07-01,44,Ureia,1.368,3700.47
2025-08-01,44,Ureia,1.751,4931.24
2025-11-01,44,NPK,1.572,4856.57
2022-02-01,45,Superfosfato Simples,7.897,17077.8
2022-08-01,45,Superfosfato Simples,7.015,15228.34
2022-09-01,45,Cloreto de Potássio,28.761,101218.93
2022-10-01,45,NPK,29.48,93462.42
2022-11-01,45,Cloreto de Potássio,34.707,126691.76
2023-01-01,45,Cloreto de Potássio,10.018,35688.85
2023-03-01,45,NPK,9.428,30697.24
2023-04-01,45,Cloreto de Potássio,6.196,22888.06
2023-05-01,45,NPK,6.05,19283.1
2023-06-01,45,Cloreto de Potássio,3.288,11395.31
2023-09-01,45,Cloreto de Potássio,28.183,97801.36
2023-10-01,45,NPK,23.746,74445.04
2023-11-01,45,Superfosfato Simples,26.561,54781.72
2024-04-01,45,NPK,4.778,15143.65
2024-09-01,45,Superfosfato Simples,28.184,61515.37
2024-10-01,45,NPK,34.313,114132.73
2024-11-01,45,Superfosfato Simples,25.597,53433.2
2025-01-01,45,NPK,9.765,32144.11
2025-02-01,45,NPK,9.095,28798.15
2025-04-01,45,Superfosfato Simples,10.383,22670.48
2025-08-01,45,Superfosfato Simples,4.257,9186.46
2025-09-01,45,NPK,31.72,100383.81
2025-10-01,45,Superfosfato Simples,32.923,72319.88
2025-11-01,45,Superfosfato Simples,33.598,73583.11
2025-12-01,45,NPK,3.812,12206.78
2022-05-01,46,Superfosfato Simples,13.531,28686.46
2022-06-01,46,Superfosfato Simples,11.32,23931.13
2023-05-01,46,NPK,13.999,44452.69
2023-06-01,46,Ureia,13.349,37721.02
2024-02-01,46,Ureia,2.682,7780.62
2024-04-01,46,Ureia,2.369,6809.54
2024-05-01,46,Superfosfato Simples,16.286,33700.11
2024-06-01,46,Superfosfato Simples,16.047,34843.36
2024-07-01,46,NPK,1.869,6207.42
2024-09-01,46,Ureia,2.281,6583.12
2024-10-01,46,NPK,3.977,12575.93
2024-12-01,46,Superfosfato Simples,3.686,8025.18
2025-03-01,46,Superfosfato Simples,2.927,6349.15
2025-04-01,46,Ureia,2.841,8175.44
2025-05-01,46,Superfosfato Simples,18.388,38203.44
2025-06-01,46,NPK,13.41,41789.09
2025-07-01,46,Ureia,2.942,8585.54
2025-08-01,46,Superfosfato Simples,2.975,6033.42
2025-12-01,46,NPK,3.678,11409.31
2022-01-01,47,Superfosfato Simples,1.257,2540.49
2022-03-01,47,Superfosfato Simples,1.792,3836.06
2022-05-01,47,NPK,8.137,25762.64
2022-06-01,47,NPK,11.479,35690.41
2022-08-01,47,NPK,2.09,6498.69
2022-11-01,47,Superfosfato Simples,2.14,4551.86
2023-01-01,47,NPK,1.55,4960.57
2023-02-01,47,Superfosfato Simples,2.279,4986.56
2023-03-01,47,Ureia,2.15,5828.56
2023-04-01,47,Ureia,2.954,8530.18
2023-05-01,47,NPK,10.461,33386.65
2023-06-01,47,Superfosfato Simples,9.07,19069.94
2023-07-01,47,Superfosfato Simples,1.571,3374.58
2023-09-01,47,Ureia,1.62,4473.72
2023-10-01,47,NPK,2.729,9097.71
2023-12-01,47,NPK,1.38,4439.83
2024-01-01,47,NPK,1.911,6149.11
2024-04-01,47,Ureia,2.703,7537.68
2024-05-01,47,Superfosfato Simples,8.207,16723.2
2024-06-01,47,Ureia,11.912,33413.04
2024-09-01,47,Superfosfato Simples,2.662,5779.36
2024-10-01,47,NPK,1.395,4356.65
2024-12-01,47,NPK,1.612,5266.54
2025-05-01,47,Ureia,10.843,29276.47
2025-06-01,47,Ureia,11.429,32784.49
2025-07-01,47,NPK,1.982,6430.17
2025-12-01,47,NPK,1.484,4981.66
2022-03-01,48,Superfosfato Simples,4.441,9093.97
2022-08-01,48,Superfosfato Simples,3.688,7710.38
2022-09-01,48,NPK,23.618,74979.92
2022-10-01,48,Cloreto de Potássio,21.785,75373.53
2022-11-01,48,Superfosfato Simples,21.311,46245.96
2022-12-01,48,NPK,4.409,14066.46
2023-01-01,48,Superfosfato Simples,6.289,13315.94
2023-02-01,48,NPK,7.004,22726.31
2023-03-01,48,Superfosfato Simples,6.987,14261.33
2023-05-01,48,Superfosfato Simples,7.375,15540.03
2023-07-01,48,Superfosfato Simples,5.978,12889.78
2023-09-01,48,NPK,25.794,83817.82
2023-10-01,48,Superfosfato Simples,29.746,62376.95
2023-11-01,48,NPK,21.448,68201.7
2024-04-01,48,Superfosfato Simples,6.973,15213.8
2024-07-01,48,Cloreto de Potássio,3.532,12948.2
2024-09-01,48,Cloreto de Potássio,23.261,82973.01
2024-10-01,48,Superfosfato Simples,21.441,47230.3
2024-11-01,48,NPK,31.997,103898.17
2025-04-01,48,Superfosfato Simples,3.33,7337.62
2025-05-01,48,Superfosfato Simples,3.603,7829.68
2025-06-01,48,Superfosfato Simples,4.081,8587.55
2025-09-01,48,Cloreto de Potássio,27.536,97710.24
2025-10-01,48,Cloreto de Potássio,28.008,104621.81
2025-11-01,48,Cloreto de Potássio,30.308,108655.13
2022-03-01,49,Superfosfato Simples,3.874,7824.49
2022-05-01,49,Superfosfato Simples,16.546,35217.99
2022-06-01,49,Superfosfato Simples,12.147,25361.78
2022-09-01,49,Ureia,2.758,7739.65
2023-02-01,49,Superfosfato Simples,3.238,7121.73
2023-05-01,49,Superfosfato Simples,15.066,32893.07
2023-06-01,49,Ureia,15.501,42300.92
2023-07-01,49,Ureia,4.513,12527.37
2023-08-01,49,NPK,3.267,10648.66
2023-09-01,49,NPK,3.44,11480.6
2023-11-01,49,NPK,1.732,5451.06
2024-01-01,49,Ureia,2.411,6992.05
2024-03-01,49,Superfosfato Simples,3.788,8142.11
2024-04-01,49,Superfosfato Simples,2.028,4152.01
2024-05-01,49,Ureia,14.41,42248.05
2024-06-01,49,Superfosfato Simples,14.86,32019.04
2024-07-01,49,NPK,4.615,15022.84
2024-08-01,49,Ureia,2.412,6610.81
2024-09-01,49,NPK,3.238,10708.46
2024-12-01,49,Ureia,3.237,9052.59
2025-05-01,49,Ureia,13.393,38748.91
2025-06-01,49,NPK,11.435,37793.17
2025-08-01,49,Ureia,4.165,11310.13
2025-09-01,49,NPK,1.732,5458.76
2025-11-01,49,NPK,3.184,9789.97
2022-01-01,50,NPK,8.047,24944.82
2022-04-01,50,Cloreto de Potássio,10.081,36385.63
2022-08-01,50,Cloreto de Potássio,10.279,37739.2
2022-09-01,50,Cloreto de Potássio,26.212,98003.45
2022-10-01,50,Superfosfato Simples,30.874,64586.61
2022-11-01,50,NPK,38.245,124118.4
2022-12-01,50,NPK,5.434,17269.84
2023-01-01,50,Cloreto de Potássio,7.677,28173.93
2023-03-01,50,Superfosfato Simples,9.127,19021.39
2023-05-01,50,Superfosfato Simples,5.559,11716.02
2023-06-01,50,Cloreto de Potássio,8.283,31274.51
2023-07-01,50,Cloreto de Potássio,9.737,35566.58
2023-08-01,50,Superfosfato Simples,9.784,20657.71
2023-09-01,50,Cloreto de Potássio,28.071,104583.64
2023-10-01,50,Cloreto de Potássio,42.079,147716.19
2023-11-01,50,Superfosfato Simples,28.082,59482.91
2024-02-01,50,Superfosfato Simples,7.469,15098.75
2024-03-01,50,Cloreto de Potássio,5.625,19841.64
2024-06-01,50,Superfosfato Simples,4.11,8777.89
2024-08-01,50,Superfosfato Simples,5.462,11802.5
2024-09-01,50,Cloreto de Potássio,34.573,129679.66
2024-10-01,50,Superfosfato Simples,37.22,79552.44
2024-11-01,50,NPK,35.546,111485.86
2025-03-01,50,NPK,10.456,33845.84
2025-07-01,50,NPK,5.919,19627.23
2025-08-01,50,Superfosfato Simples,5.691,12477.58
2025-09-01,50,Superfosfato Simples,28.616,58891.29
2025-10-01,50,Cloreto de Potássio,31.686,112750.2
2025-11-01,50,NPK,35.704,114822.34
2022-01-01,51,Ureia,1.222,3295.31
2022-04-01,51,Ureia,1.495,4198.75
2022-05-01,51,Ureia,9.371,27471.62
2022-06-01,51,NPK,7.119,23566.96
2022-08-01,51,NPK,2.372,7917.43
2022-09-01,51,Superfosfato Simples,2.465,5428.05
2022-10-01,51,Ureia,2.585,7204.02
2023-04-01,51,Ureia,1.572,4564.74
2023-05-01,51,Ureia,7.398,21500.03
2023-06-01,51,Superfosfato Simples,7.463,15690.76
2023-09-01,51,NPK,1.341,4430.2
2023-11-01,51,NPK,1.696,5541.43
2023-12-01,51,Superfosfato Simples,1.331,2854.22
2024-05-01,51,Ureia,9.424,26875.6
2024-06-01,51,Ureia,9.898,28408.08
2024-11-01,51,Ureia,1.353,3974.81
2024-12-01,51,Ureia,1.132,3151.82
2025-01-01,51,NPK,1.606,4971.85
2025-03-01,51,Ureia,1.713,5030.76
2025-05-01,51,Ureia,8.728,23859.18
2025-06-01,51,Superfosfato Simples,9.056,18767.57
2025-09-01,51,Superfosfato Simples,2.555,5543.41
2025-11-01,51,Superfosfato Simples,2.092,4242.75
2025-12-01,51,Ureia,2.099,5707.75
2022-01-01,52,NPK,3.862,12822.83
2022-02-01,52,Superfosfato Simples,1.318,2687.74
2022-05-01,52,NPK,10.018,31019.41
2022-06-01,52,Ureia,9.277,25337.75
2022-07-01,52,NPK,2.687,8986.7
2022-09-01,52,Ureia,2.811,7903.38
2022-11-01,52,Ureia,3.71,10168.66
2023-01-01,52,Superfosfato Simples,1.786,3889.55
2023-04-01,52,Ureia,2.623,7461.97
2023-05-01,52,Superfosfato Simples,9.172,19617.13
2023-06-01,52,Superfosfato Simples,10.044,21532.96
2023-07-01,52,Ureia,1.585,4553.13
2023-08-01,52,Superfosfato Simples,2.805,5953.69
2023-09-01,52,NPK,2.379,7525.04
2023-10-01,52,NPK,2.48,7673.93
2024-03-01,52,Superfosfato Simples,2.186,4467.43
2024-04-01,52,NPK,1.872,5954.92
2024-05-01,52,NPK,11.02,35524.35
2024-06-01,52,Superfosfato Simples,14.366,29221.27
2024-08-01,52,NPK,1.969,6557.19
2024-10-01,52,Ureia,2.255,6446.61
2024-11-01,52,Superfosfato Simples,2.954,6221.5
2025-05-01,52,NPK,12.388,41332.7
2025-06-01,52,NPK,12.798,41815.24
2022-01-01,53,NPK,10.191,32202.48
2022-02-01,53,Cloreto de Potássio,13.255,49439.29
2022-03-01,53,NPK,5.447,16992.2
2022-05-01,53,NPK,10.011,33527.88
2022-08-01,53,Superfosfato Simples,9.394,20515.06
2022-09-01,53,Superfosfato Simples,47.323,97104.18
2022-10-01,53,Cloreto de Potássio,45.408,167266.71
2022-11-01,53,Superfosfato Simples,46.56,99683.19
2022-12-01,53,Superfosfato Simples,15.347,32706.57
2023-01-01,53,Superfosfato Simples,14.559,31837.88
2023-09-01,53,Superfosfato Simples,52.91,109164.21
2023-10-01,53,NPK,49.114,154981.13
2023-11-01,53,NPK,43.002,141242.28
2023-12-01,53,Superfosfato Simples,6.897,14576.36
2024-01-01,53,Cloreto de Potássio,15.299,53158.35
2024-07-01,53,Cloreto de Potássio,8.132,29400.62
2024-09-01,53,NPK,43.506,145091.44
2024-10-01,53,Cloreto de Potássio,39.05,137817.4
2024-11-01,53,Cloreto de Potássio,42.718,159981.93
2025-02-01,53,NPK,11.602,36823.31
2025-05-01,53,NPK,6.874,21381.58
2025-09-01,53,Superfosfato Simples,56.302,123964.25
2025-10-01,53,Cloreto de Potássio,39.964,148471.92
2025-11-01,53,Cloreto de Potássio,50.285,181961.41
2025-12-01,53,NPK,13.218,44251.37
2022-01-01,54,NPK,30.015,96528.25
2022-02-01,54,Cloreto de Potássio,30.504,113623.34
2022-04-01,54,NPK,3.35,10760.02
2022-05-01,54,Cloreto de Potássio,4.397,15462.24
2022-09-01,54,NPK,32.677,102251.0
2022-10-01,54,Cloreto de Potássio,8.373,30594.91
2022-12-01,54,Ureia,6.437,17517.26
2023-01-01,54,Ureia,26.422,73860.81
2023-02-01,54,Ureia,28.461,79231.12
2023-04-01,54,NPK,8.675,27846.82
2023-06-01,54,NPK,4.95,16550.74
2023-07-01,54,Ureia,5.29,14274.03
2023-09-01,54,NPK,30.819,97162.63
2023-10-01,54,NPK,5.644,17929.36
2024-01-01,54,Ureia,24.404,67634.84
2024-02-01,54,Cloreto de Potássio,32.623,118335.08
2024-04-01,54,Ureia,4.644,12635.78
2024-05-01,54,Cloreto de Potássio,4.297,15988.45
2024-09-01,54,NPK,37.198,122042.96
2024-10-01,54,Ureia,4.942,13443.3
2024-12-01,54,Cloreto de Potássio,9.424,35546.77
2025-01-01,54,Cloreto de Potássio,36.085,126082.69
2025-02-01,54,Cloreto de Potássio,30.244,113649.44
2025-05-01,54,Ureia,7.276,21310.4
2025-07-01,54,NPK,5.08,16607.5
2025-08-01,54,Cloreto de Potássio,8.93,31973.55
2025-09-01,54,NPK,34.194,107081.73
2025-11-01,54,Cloreto de Potássio,6.486,23372.71
2025-12-01,54,Ureia,6.552,18101.1
2022-01-01,55,Ureia,42.912,115840.7
2022-02-01,55,Ureia,41.49,121374.66
2022-05-01,55,Ureia,7.149,20179.61
2022-08-01,55,Cloreto de Potássio,8.885,33251.33
2022-09-01,55,Cloreto de Potássio,42.968,152602.83
2022-10-01,55,NPK,11.114,34844.09
2022-11-01,55,Cloreto de Potássio,8.572,31450.42
2022-12-01,55,Cloreto de Potássio,15.978,59080.72
2023-01-01,55,Cloreto de Potássio,52.247,191303.17
2023-02-01,55,Ureia,58.163,161094.89
2023-04-01,55,NPK,14.878,46698.12
2023-05-01,55,Ureia,10.888,30627.75
2023-07-01,55,Cloreto de Potássio,8.082,28403.8
2023-09-01,55,NPK,53.019,173370.1
2024-01-01,55,NPK,55.185,171121.36
2024-02-01,55,Ureia,57.897,164429.21
2024-05-01,55,Ureia,15.021,40876.78
2024-06-01,55,Cloreto de Potássio,10.028,34700.62
2024-07-01,55,Cloreto de Potássio,15.25,56747.0
2024-08-01,55,Cloreto de Potássio,6.598,24710.4
2024-09-01,55,NPK,59.322,184877.0
2024-11-01,55,Ureia,12.005,32580.48
2025-01-01,55,Ureia,60.234,161927.36
2025-02-01,55,NPK,46.314,144242.38
2025-03-01,55,NPK,9.64,31520.76
2025-04-01,55,Ureia,16.423,45074.23
2025-05-01,55,NPK,8.65,26867.64
2025-06-01,55,Cloreto de Potássio,18.091,63408.18
2025-09-01,55,Cloreto de Potássio,47.433,174488.93
2025-10-01,55,NPK,10.372,34599.7
2025-11-01,55,Cloreto de Potássio,17.939,66639.32
2025-12-01,55,Cloreto de Potássio,17.673,61917.26
2022-03-01,56,NPK,14.133,45768.57
2022-04-01,56,NPK,6.615,20667.77
2022-08-01,56,Cloreto de Potássio,8.959,31363.52
2022-09-01,56,Cloreto de Potássio,55.528,199436.9
2022-10-01,56,Superfosfato Simples,42.987,91018.27
2022-11-01,56,Superfosfato Simples,34.357,72002.92
2022-12-01,56,Superfosfato Simples,11.394,23158.19
2023-03-01,56,NPK,8.133,27141.61
2023-06-01,56,Cloreto de Potássio,13.472,48568.79
2023-07-01,56,Cloreto de Potássio,10.76,38031.96
2023-08-01,56,Superfosfato Simples,5.061,10876.34
2023-09-01,56,Cloreto de Potássio,37.214,133093.11
2023-10-01,56,NPK,49.261,158094.61
2023-11-01,56,NPK,42.165,133966.23
2024-02-01,56,NPK,11.48,36819.71
2024-05-01,56,Cloreto de Potássio,9.799,36346.18
2024-06-01,56,Superfosfato Simples,7.123,14403.21
2024-07-01,56,Cloreto de Potássio,8.616,31674.9
2024-08-01,56,Superfosfato Simples,10.824,22847.88
2024-09-01,56,NPK,48.075,151450.02
2024-10-01,56,NPK,36.03,118395.4
2024-11-01,56,Cloreto de Potássio,38.794,136380.96
2024-12-01,56,Superfosfato Simples,10.901,22941.53
2025-02-01,56,Cloreto de Potássio,11.91,43656.27
2025-06-01,56,Cloreto de Potássio,11.687,41006.58
2025-09-01,56,NPK,39.544,127762.2
2025-10-01,56,Cloreto de Potássio,43.699,152227.77
2025-11-01,56,Cloreto de Potássio,42.621,147928.99
2022-01-01,57,NPK,20.186,66381.33
2022-02-01,57,NPK,22.732,74754.88
2022-03-01,57,Ureia,6.13,16989.25
2022-04-01,57,Ureia,4.086,11007.56
2022-05-01,57,Ureia,4.303,11881.06
2022-08-01,57,Ureia,2.646,7650.87
2022-09-01,57,Ureia,21.437,62989.22
2022-11-01,57,NPK,4.506,14423.14
2023-01-01,57,NPK,18.202,56126.3
2023-02-01,57,Ureia,22.093,60548.58
2023-03-01,57,Cloreto de Potássio,2.327,8791.84
2023-06-01,57,Ureia,3.705,10424.85
2023-09-01,57,Cloreto de Potássio,16.094,57515.42
2023-12-01,57,NPK,3.211,10569.93
2024-01-01,57,Ureia,21.247,62314.55
2024-02-01,57,NPK,19.255,61374.74
2024-03-01,57,NPK,5.458,17572.54
2024-04-01,57,NPK,3.21,10328.85
2024-06-01,57,Cloreto de Potássio,5.134,17838.02
2024-07-01,57,Ureia,5.138,14915.47
2024-09-01,57,Ureia,16.651,45693.82
2024-10-01,57,NPK,4.786,15588.17
2024-11-01,57,Cloreto de Potássio,3.761,13130.05
2024-12-01,57,NPK,3.807,12055.52
2025-01-01,57,NPK,20.857,65349.96
2025-02-01,57,NPK,20.639,63630.56
2025-05-01,57,Cloreto de Potássio,3.27,12121.38
2025-07-01,57,Ureia,6.138,16582.59
2025-08-01,57,NPK,6.474,20358.12
2025-09-01,57,NPK,16.214,51700.93
2025-11-01,57,Cloreto de Potássio,5.924,22187.49
2022-02-01,58,Cloreto de Potássio,2.46,8632.9
2022-06-01,58,Cloreto de Potássio,1.706,6400.37
2022-07-01,58,Superfosfato Simples,3.157,6482.99
2022-08-01,58,Superfosfato Simples,2.37,5219.74
2022-09-01,58,Superfosfato Simples,13.975,30109.99
2022-10-01,58,NPK,9.61,30904.23
2022-11-01,58,Superfosfato Simples,10.947,22909.96
2023-03-01,58,Superfosfato Simples,1.579,3212.34
2023-05-01,58,NPK,2.294,7444.19
2023-09-01,58,Cloreto de Potássio,13.555,50420.05
2023-10-01,58,Superfosfato Simples,9.861,21406.27
2023-11-01,58,Cloreto de Potássio,9.607,34490.6
2024-01-01,58,Cloreto de Potássio,2.581,9014.75
2024-05-01,58,Superfosfato Simples,2.546,5464.06
2024-08-01,58,NPK,3.784,12502.75
2024-09-01,58,Superfosfato Simples,10.056,22045.18
2024-10-01,58,Superfosfato Simples,10.268,22499.72
2024-11-01,58,Superfosfato Simples,9.599,20813.6
2024-12-01,58,Cloreto de Potássio,3.129,11373.02
2025-02-01,58,Cloreto de Potássio,3.537,12697.09
2025-03-01,58,NPK,3.224,10776.57
2025-04-01,58,Superfosfato Simples,2.46,5082.34
2025-05-01,58,NPK,3.221,9898.77
2025-06-01,58,Cloreto de Potássio,1.301,4850.66
2025-08-01,58,Superfosfato Simples,1.982,4367.62
2025-09-01,58,NPK,11.782,38285.43
2025-10-01,58,Superfosfato Simples,10.341,21686.11
2025-11-01,58,Superfosfato Simples,13.93,28540.24
2025-12-01,58,NPK,2.579,8450.06
2022-03-01,59,Cloreto de Potássio,1.488,5546.22
2022-09-01,59,Superfosfato Simples,7.534,16196.08
2022-10-01,59,Cloreto de Potássio,7.83,27124.64
2022-11-01,59,Superfosfato Simples,8.884,18970.48
2023-02-01,59,NPK,1.31,4298.34
2023-03-01,59,NPK,1.348,4247.8
2023-04-01,59,Superfosfato Simples,1.849,4030.55
2023-06-01,59,Cloreto de Potássio,0.958,3588.53
2023-09-01,59,Cloreto de Potássio,7.562,26380.93
2023-10-01,59,Cloreto de Potássio,8.277,31177.69
2023-11-01,59,Cloreto de Potássio,6.378,23880.94
2023-12-01,59,Cloreto de Potássio,1.418,4905.27
2024-02-01,59,Cloreto de Potássio,1.623,6131.65
2024-04-01,59,Superfosfato Simples,1.587,3275.73
2024-06-01,59,NPK,1.705,5343.98
2024-08-01,59,NPK,0.849,2786.07
2024-09-01,59,Cloreto de Potássio,8.654,30466.87
2024-10-01,59,Superfosfato Simples,6.616,13705.88
2024-11-01,59,Superfosfato Simples,8.468,18586.07
2024-12-01,59,Superfosfato Simples,1.177,2435.36
2025-02-01,59,NPK,2.015,6743.57
2025-04-01,59,Cloreto de Potássio,1.647,6024.43
2025-05-01,59,Cloreto de Potássio,1.595,5976.33
2025-06-01,59,Superfosfato Simples,1.739,3589.0
2025-08-01,59,Superfosfato Simples,2.498,5202.27
2025-09-01,59,Cloreto de Potássio,5.833,20970.34
2025-10-01,59,NPK,6.419,20933.66
2025-11-01,59,NPK,7.874,24210.77
2025-12-01,59,Superfosfato Simples,1.897,4109.47
2022-01-01,60,Superfosfato Simples,3.257,6696.72
2022-03-01,60,Superfosfato Simples,4.166,8457.57
2022-04-01,60,Cloreto de Potássio,3.092,11500.82
2022-09-01,60,Cloreto de Potássio,12.212,42881.82
2022-10-01,60,Superfosfato Simples,13.299,26864.24
2022-11-01,60,Superfosfato Simples,12.417,27351.22
2022-12-01,60,Cloreto de Potássio,2.711,9401.72
2023-06-01,60,Cloreto de Potássio,2.852,10552.96
2023-08-01,60,Cloreto de Potássio,2.739,9730.83
2023-09-01,60,Superfosfato Simples,18.217,40055.39
2023-10-01,60,Superfosfato Simples,12.311,25058.04
2023-11-01,60,NPK,14.267,44260.22
2024-01-01,60,NPK,2.894,9493.89
2024-02-01,60,NPK,4.331,14469.97
2024-03-01,60,NPK,2.733,8433.56
2024-06-01,60,Superfosfato Simples,4.109,8416.03
2024-09-01,60,Superfosfato Simples,14.024,30625.53
2024-10-01,60,Cloreto de Potássio,18.218,66905.75
2024-11-01,60,Cloreto de Potássio,14.74,54099.5
2024-12-01,60,NPK,2.905,9000.96
2025-01-01,60,NPK,3.936,12838.96
2025-02-01,60,Cloreto de Potássio,2.237,7774.75
2025-05-01,60,NPK,2.199,7270.84
2025-06-01,60,Cloreto de Potássio,3.3,12162.34
2025-07-01,60,NPK,4.112,12891.16
2025-09-01,60,Superfosfato Simples,20.602,42324.15
2025-10-01,60,Cloreto de Potássio,13.744,48230.44
2025-11-01,60,Superfosfato Simples,15.708,31970.34
2022-01-01,61,Ureia,33.64,98003.84
2022-02-01,61,Cloreto de Potássio,34.344,124600.27
2022-05-01,61,NPK,7.672,24677.99
2022-09-01,61,Cloreto de Potássio,37.768,141882.23
2023-01-01,61,Cloreto de Potássio,41.915,150746.26
2023-02-01,61,Ureia,50.382,138214.66
2023-09-01,61,NPK,49.882,158881.7
2023-11-01,61,Ureia,11.434,32998.56
2024-01-01,61,Cloreto de Potássio,43.081,148931.3
2024-02-01,61,Cloreto de Potássio,43.715,157831.68
2024-04-01,61,Ureia,7.217,19702.37
2024-07-01,61,Ureia,11.306,30896.29
2024-09-01,61,Ureia,39.482,112037.65
2024-10-01,61,Ureia,10.69,30007.76
2025-01-01,61,Ureia,48.851,137777.79
2025-02-01,61,Ureia,37.606,102032.53
2025-03-01,61,NPK,8.603,28880.79
2025-09-01,61,Cloreto de Potássio,56.214,209883.61
2025-10-01,61,Cloreto de Potássio,10.157,36811.57
2025-11-01,61,Ureia,6.703,19131.44
2022-03-01,62,Ureia,1.969,5336.97
2022-04-01,62,Superfosfato Simples,1.141,2489.41
2022-05-01,62,Superfosfato Simples,7.693,16944.65
2022-06-01,62,Ureia,7.093,19689.52
2022-08-01,62,NPK,1.897,5850.04
2022-11-01,62,Superfosfato Simples,1.308,2708.23
2022-12-01,62,Superfosfato Simples,1.464,3139.83
2023-03-01,62,NPK,0.986,3256.11
2023-05-01,62,Ureia,5.157,14022.43
2023-06-01,62,Superfosfato Simples,5.982,12806.19
2023-11-01,62,NPK,1.764,5903.51
2023-12-01,62,Superfosfato Simples,1.011,2150.0
2024-05-01,62,Superfosfato Simples,8.059,16854.85
2024-06-01,62,Superfosfato Simples,8.792,18716.76
2024-09-01,62,NPK,1.75,5502.01
2025-02-01,62,Superfosfato Simples,1.359,2764.41
2025-04-01,62,Superfosfato Simples,1.581,3327.25
2025-05-01,62,Superfosfato Simples,6.73,14154.42
2025-06-01,62,Superfosfato Simples,7.459,15162.01
2025-08-01,62,Superfosfato Simples,1.953,3984.23
2025-10-01,62,Superfosfato Simples,1.29,2631.34
2025-11-01,62,Ureia,1.546,4334.95
2022-01-01,63,Cloreto de Potássio,29.824,104106.16
2022-02-01,63,Cloreto de Potássio,38.287,138292.48
2022-05-01,63,Ureia,9.015,25826.14
2022-07-01,63,Cloreto de Potássio,9.744,35694.73
2022-09-01,63,Ureia,38.009,109884.61
2022-10-01,63,Ureia,4.81,13661.15
2023-01-01,63,Cloreto de Potássio,30.604,110168.17
2023-02-01,63,NPK,26.184,84084.97
2023-05-01,63,NPK,6.007,19940.13
2023-06-01,63,Ureia,7.286,19844.91
2023-07-01,63,Cloreto de Potássio,5.739,20850.5
2023-09-01,63,Cloreto de Potássio,33.246,120208.24
2023-10-01,63,Ureia,7.078,19853.22
2023-11-01,63,Ureia,4.833,13678.26
2024-01-01,63,Cloreto de Potássio,34.099,124694.59
2024-02-01,63,Ureia,31.603,88675.26
2024-03-01,63,NPK,6.769,21770.35
2024-04-01,63,Cloreto de Potássio,6.144,22011.26
2024-06-01,63,NPK,6.986,22385.45
2024-07-01,63,Cloreto de Potássio,5.457,19394.99
2024-09-01,63,NPK,43.891,147000.43
2024-10-01,63,Cloreto de Potássio,5.676,21042.23
2025-01-01,63,NPK,37.568,121732.87
2025-02-01,63,Ureia,38.218,110935.84
2025-06-01,63,Cloreto de Potássio,8.186,30400.97
2025-08-01,63,NPK,9.366,31260.38
2025-09-01,63,Ureia,28.394,82382.18
2025-11-01,63,Ureia,9.355,25903.36
2025-12-01,63,Cloreto de Potássio,7.764,28232.2
2022-03-01,64,Superfosfato Simples,0.988,2143.78
2022-04-01,64,Ureia,0.916,2683.77
2022-05-01,64,NPK,4.375,14565.55
2022-06-01,64,Ureia,5.424,15761.34
2022-08-01,64,Ureia,1.891,5319.45
2022-09-01,64,Superfosfato Simples,1.337,2785.47
2022-10-01,64,Superfosfato Simples,1.789,3751.17
2023-02-01,64,NPK,0.963,2972.61
2023-05-01,64,Superfosfato Simples,6.554,13696.49
2023-06-01,64,NPK,6.129,20537.16
2023-08-01,64,Ureia,1.882,5206.9
2023-09-01,64,Ureia,1.464,4108.99
2023-10-01,64,Superfosfato Simples,0.904,1894.46
2023-12-01,64,Ureia,0.713,1975.77
2024-01-01,64,Superfosfato Simples,1.66,3369.44
2024-02-01,64,NPK,1.906,6045.08
2024-05-01,64,Ureia,7.456,20941.3
2024-06-01,64,NPK,5.455,16813.69
2024-08-01,64,NPK,1.187,3653.79
2024-10-01,64,Superfosfato Simples,1.723,3695.64
2024-11-01,64,Superfosfato Simples,1.255,2695.04
2025-04-01,64,NPK,1.911,6059.44
2025-05-01,64,NPK,7.04,22820.31
2025-06-01,64,Ureia,5.892,16681.13
2025-07-01,64,NPK,0.778,2407.18
2025-12-01,64,Ureia,0.986,2749.21
2022-01-01,65,Ureia,0.657,1800.1
2022-02-01,65,NPK,0.886,2834.97
2022-05-01,65,NPK,3.252,10483.57
2022-06-01,65,Ureia,2.766,7507.76
2022-09-01,65,NPK,0.566,1875.91
2022-12-01,65,NPK,0.429,1322.32
2023-03-01,65,NPK,0.824,2595.47
2023-04-01,65,NPK,0.58,1828.38
2023-05-01,65,Superfosfato Simples,3.157,6594.03
2023-06-01,65,NPK,2.273,7414.66
2023-08-01,65,NPK,0.385,1283.63
2023-09-01,65,Superfosfato Simples,0.587,1273.28
2023-10-01,65,Ureia,0.774,2165.18
2023-12-01,65,NPK,0.713,2303.95
2024-01-01,65,Ureia,0.887,2487.86
2024-02-01,65,NPK,0.708,2370.79
2024-04-01,65,Superfosfato Simples,0.545,1181.08
2024-05-01,65,NPK,3.357,11058.45
2024-06-01,65,NPK,2.865,9309.18
2024-08-01,65,Ureia,0.894,2405.85
2024-10-01,65,Superfosfato Simples,0.936,1968.83
2025-01-01,65,NPK,0.716,2283.81
2025-02-01,65,Ureia,0.448,1239.68
2025-05-01,65,Superfosfato Simples,3.355,6844.35
2025-06-01,65,Ureia,3.086,8805.3
2025-08-01,65,Superfosfato Simples,0.479,1018.16
2025-10-01,65,Superfosfato Simples,0.419,921.94
2025-12-01,65,NPK,0.908,2946.43
2022-08-01,66,Cloreto de Potássio,3.338,11690.87
2022-09-01,66,Cloreto de Potássio,16.131,60845.04
2022-10-01,66,Cloreto de Potássio,18.667,68274.57
2022-11-01,66,NPK,12.621,42086.23
2023-01-01,66,Superfosfato Simples,4.648,9816.79
2023-02-01,66,Superfosfato Simples,2.886,5835.96
2023-03-01,66,NPK,3.549,11878.83
2023-04-01,66,Superfosfato Simples,5.331,11382.38
2023-05-01,66,Superfosfato Simples,3.425,7421.5
2023-06-01,66,Cloreto de Potássio,4.155,14722.06
2023-07-01,66,NPK,2.744,9061.0
2023-08-01,66,NPK,2.588,8466.91
2023-09-01,66,Cloreto de Potássio,18.047,64486.43
2023-10-01,66,Cloreto de Potássio,15.761,57806.29
2023-11-01,66,Cloreto de Potássio,17.37,61323.8
2023-12-01,66,NPK,5.724,18864.11
2024-02-01,66,Cloreto de Potássio,2.316,8260.41
2024-08-01,66,Cloreto de Potássio,2.465,8531.43
2024-09-01,66,Superfosfato Simples,13.676,29409.57
2024-10-01,66,NPK,15.518,51397.96
2024-11-01,66,NPK,12.71,39529.69
2024-12-01,66,Cloreto de Potássio,5.583,19525.4
2025-01-01,66,Cloreto de Potássio,2.737,10254.9
2025-02-01,66,Superfosfato Simples,4.204,8511.21
2025-03-01,66,Cloreto de Potássio,3.23,11823.06
2025-04-01,66,Superfosfato Simples,3.75,7655.4
2025-06-01,66,NPK,5.744,17897.44
2025-08-01,66,Cloreto de Potássio,4.346,15637.35
2025-09-01,66,NPK,18.032,56600.5
2025-10-01,66,Superfosfato Simples,15.847,34635.04
2025-11-01,66,Cloreto de Potássio,19.597,69538.45
2022-01-01,67,Ureia,4.196,12211.87
2022-02-01,67,Ureia,2.915,8066.45
2022-05-01,67,NPK,13.854,46091.99
2022-06-01,67,Ureia,15.163,43637.21
2022-07-01,67,NPK,3.488,11269.81
2022-10-01,67,Ureia,2.027,5856.7
2022-12-01,67,Ureia,1.708,4774.68
2023-04-01,67,NPK,4.403,14089.55
2023-05-01,67,NPK,14.427,48445.96
2023-06-01,67,Superfosfato Simples,15.783,34215.78
2023-07-01,67,NPK,2.257,7263.1
2023-09-01,67,Ureia,3.602,10306.62
2023-10-01,67,Ureia,1.744,5036.91
2023-12-01,67,NPK,4.18,13983.62
2024-01-01,67,NPK,2.673,8729.82
2024-04-01,67,NPK,3.99,12986.71
2024-05-01,67,Ureia,13.267,38167.31
2024-06-01,67,Ureia,11.441,32515.63
2024-07-01,67,Ureia,2.039,5676.24
2024-08-01,67,Ureia,3.868,11327.41
2024-09-01,67,Ureia,4.903,13778.58
2024-10-01,67,Superfosfato Simples,2.997,6209.29
2024-12-01,67,Superfosfato Simples,4.984,10960.86
2025-02-01,67,Superfosfato Simples,2.241,4797.66
2025-05-01,67,Superfosfato Simples,14.961,31860.95
2025-06-01,67,Superfosfato Simples,15.928,33638.58
2025-07-01,67,Superfosfato Simples,4.025,8313.41
2025-12-01,67,Superfosfato Simples,2.897,6188.73
2022-01-01,68,Ureia,33.942,96132.96
2022-02-01,68,Cloreto de Potássio,34.204,119431.55
2022-03-01,68,Cloreto de Potássio,9.266,32083.1
2022-04-01,68,Cloreto de Potássio,10.669,38024.16
2022-06-01,68,Ureia,4.882,13568.29
2022-09-01,68,Ureia,46.68,128889.42
2023-01-01,68,Ureia,42.247,113944.0
2023-02-01,68,Ureia,38.042,107064.56
2023-03-01,68,Ureia,5.111,14034.61
2023-04-01,68,Ureia,6.801,19674.44
2023-07-01,68,Ureia,13.654,36956.19
2023-08-01,68,Ureia,11.443,32900.32
2023-09-01,68,Ureia,48.542,139482.53
2023-10-01,68,NPK,6.847,22581.5
2023-12-01,68,Ureia,7.567,20844.03
2024-01-01,68,NPK,47.464,151680.99
2024-02-01,68,NPK,38.634,124061.68
2024-03-01,68,Ureia,9.34,27443.49
2024-04-01,68,Cloreto de Potássio,14.415,50324.07
2024-06-01,68,NPK,8.168,26213.73
2024-09-01,68,Ureia,39.006,105785.76
2024-11-01,68,Ureia,8.984,25061.81
2024-12-01,68,Ureia,10.528,28455.62
2025-01-01,68,Cloreto de Potássio,44.827,159829.3
2025-02-01,68,Cloreto de Potássio,37.455,136710.32
2025-03-01,68,Cloreto de Potássio,7.209,26770.49
2025-06-01,68,Cloreto de Potássio,8.561,31125.72
2025-07-01,68,NPK,13.055,42734.05
2025-09-01,68,Cloreto de Potássio,47.134,164750.24
2025-11-01,68,NPK,6.807,21245.79
2025-12-01,68,Cloreto de Potássio,10.23,36740.84
2022-03-01,69,Cloreto de Potássio,2.214,8026.38
2022-04-01,69,NPK,1.542,4865.9
2022-05-01,69,Cloreto de Potássio,2.391,8665.65
2022-08-01,69,NPK,2.487,7757.7
2022-09-01,69,Cloreto de Potássio,8.599,30878.0
2022-10-01,69,NPK,6.097,19277.56
2022-11-01,69,Superfosfato Simples,7.148,15029.92
2023-01-01,69,Superfosfato Simples,1.714,3636.56
2023-03-01,69,Cloreto de Potássio,2.314,8435.38
2023-05-01,69,Superfosfato Simples,1.498,3201.62
2023-07-01,69,NPK,1.027,3232.71
2023-09-01,69,Cloreto de Potássio,9.323,33217.59
2023-10-01,69,Cloreto de Potássio,9.244,34842.46
2023-11-01,69,Cloreto de Potássio,9.167,32302.82
2024-03-01,69,Cloreto de Potássio,1.819,6801.92
2024-05-01,69,Cloreto de Potássio,1.04,3737.58
2024-08-01,69,Cloreto de Potássio,1.319,4860.28
2024-09-01,69,Cloreto de Potássio,8.373,30376.76
2024-10-01,69,NPK,10.402,34787.42
2024-11-01,69,Cloreto de Potássio,9.941,36161.36
2025-01-01,69,Cloreto de Potássio,2.167,7946.99
2025-03-01,69,Cloreto de Potássio,2.572,9495.9
2025-05-01,69,Cloreto de Potássio,2.927,10470.59
2025-06-01,69,Cloreto de Potássio,2.491,9033.42
2025-09-01,69,Cloreto de Potássio,6.831,24720.74
2025-10-01,69,Superfosfato Simples,6.403,13241.19
2025-11-01,69,Superfosfato Simples,7.597,16326.76
2022-01-01,70,Ureia,37.478,108893.18
2022-02-01,70,Cloreto de Potássio,59.72,215186.19
2022-04-01,70,Ureia,11.212,30245.77
2022-06-01,70,Ureia,6.939,18796.86
2022-07-01,70,Cloreto de Potássio,6.215,21604.54
2022-09-01,70,Ureia,51.285,146320.54
2022-10-01,70,NPK,8.543,28452.87
2022-12-01,70,Ureia,11.438,33456.35
2023-01-01,70,Cloreto de Potássio,48.032,166955.42
2023-02-01,70,Ureia,42.842,123029.25
2023-09-01,70,Ureia,55.414,153298.04
2023-10-01,70,Cloreto de Potássio,6.386,22248.15
2023-11-01,70,Ureia,6.718,19293.07
2024-01-01,70,Ureia,54.724,157975.14
2024-02-01,70,Ureia,40.879,118919.22
2024-03-01,70,Ureia,8.739,25136.4
2024-04-01,70,NPK,8.212,25648.25
2024-09-01,70,NPK,51.76,162872.88
2025-01-01,70,Cloreto de Potássio,48.828,175863.52
2025-02-01,70,Ureia,55.439,162287.45
2025-03-01,70,Cloreto de Potássio,7.226,25988.8
2025-04-01,70,NPK,11.707,38322.87
2025-06-01,70,Ureia,12.18,33532.39
2025-09-01,70,Ureia,42.293,118748.29
2025-12-01,70,NPK,13.093,42866.1
2022-01-01,71,Ureia,52.554,143367.58
2022-02-01,71,Ureia,43.977,120283.78
2022-06-01,71,Cloreto de Potássio,9.549,34783.31
2022-09-01,71,NPK,49.843,161744.09
2023-01-01,71,Cloreto de Potássio,52.684,183916.95
2023-02-01,71,Cloreto de Potássio,43.438,155761.85
2023-05-01,71,Cloreto de Potássio,15.17,53402.98
2023-06-01,71,NPK,11.493,37916.65
2023-09-01,71,NPK,49.012,157039.81
2024-01-01,71,Ureia,53.891,147365.89
2024-02-01,71,Cloreto de Potássio,55.035,194564.87
2024-03-01,71,NPK,13.338,41586.38
2024-09-01,71,Ureia,45.458,130932.23
2024-12-01,71,NPK,7.228,23910.95
2025-01-01,71,NPK,53.537,172701.0
2025-02-01,71,Cloreto de Potássio,48.001,166309.76
2025-03-01,71,NPK,6.998,22182.8
2025-04-01,71,Ureia,12.353,35214.52
2025-09-01,71,NPK,47.682,148549.23
2025-11-01,71,NPK,9.881,30865.29
2022-01-01,72,Ureia,47.825,132727.01
2022-02-01,72,NPK,59.04,195034.06
2022-05-01,72,NPK,9.824,32029.18
2022-06-01,72,NPK,9.32,29325.3
2022-07-01,72,NPK,13.006,41835.02
2022-08-01,72,NPK,14.327,44473.32
2022-09-01,72,NPK,44.036,146316.24
2022-12-01,72,Cloreto de Potássio,12.581,46793.25
2023-01-01,72,Ureia,57.841,162250.96
2023-02-01,72,NPK,46.149,146648.88
2023-03-01,72,NPK,12.666,41372.21
2023-04-01,72,NPK,6.012,19086.8
2023-07-01,72,Ureia,12.038,33969.79
2023-09-01,72,Ureia,46.163,132540.92
2023-10-01,72,NPK,10.147,33185.05
2023-12-01,72,Cloreto de Potássio,15.728,57255.87
2024-01-01,72,Ureia,42.132,114808.9
2024-02-01,72,Ureia,67.632,188303.86
2024-03-01,72,Cloreto de Potássio,7.75,27542.29
2024-06-01,72,Ureia,14.844,43031.08
2024-09-01,72,NPK,44.851,145733.79
2024-11-01,72,Cloreto de Potássio,12.445,44916.81
2024-12-01,72,Ureia,11.586,31951.49
2025-01-01,72,Ureia,61.284,175205.35
2025-02-01,72,Ureia,49.361,142410.27
2025-03-01,72,Cloreto de Potássio,9.369,33345.05
2025-09-01,72,Cloreto de Potássio,65.226,234313.17
2025-10-01,72,Cloreto de Potássio,12.358,42759.57
2022-01-01,73,Cloreto de Potássio,31.07,112400.94
2022-02-01,73,NPK,30.199,94995.17
2022-04-01,73,Cloreto de Potássio,10.162,38362.8
2022-06-01,73,NPK,6.766,21664.95
2022-09-01,73,Cloreto de Potássio,34.163,122843.86
2022-10-01,73,Cloreto de Potássio,4.212,15572.07
2022-11-01,73,NPK,6.127,19893.46
2022-12-01,73,Ureia,4.027,11403.77
2023-01-01,73,Cloreto de Potássio,26.259,99079.47
2023-02-01,73,Ureia,32.519,90837.97
2023-03-01,73,Ureia,5.686,16235.73
2023-04-01,73,Cloreto de Potássio,8.16,29617.07
2023-06-01,73,NPK,6.96,21695.76
2023-07-01,73,NPK,5.7,18762.83
2023-08-01,73,Cloreto de Potássio,7.533,27628.07
2023-09-01,73,Cloreto de Potássio,38.809,134489.07
2023-11-01,73,Cloreto de Potássio,6.425,23728.91
2023-12-01,73,Cloreto de Potássio,5.577,20404.35
2024-01-01,73,Ureia,39.94,114836.58
2024-02-01,73,Cloreto de Potássio,40.555,146876.94
2024-04-01,73,Ureia,7.274,19873.68
2024-05-01,73,NPK,9.673,29896.01
2024-07-01,73,NPK,7.224,24251.24
2024-08-01,73,Ureia,10.408,30084.63
2024-09-01,73,Ureia,41.705,114676.47
2024-10-01,73,Cloreto de Potássio,4.556,16744.7
2024-11-01,73,Ureia,11.394,32875.41
2024-12-01,73,Cloreto de Potássio,9.885,36649.8
2025-01-01,73,Ureia,36.949,103402.05
2025-02-01,73,NPK,35.575,117772.91
2025-03-01,73,Cloreto de Potássio,4.126,15100.68
2025-05-01,73,Cloreto de Potássio,5.01,18537.8
2025-09-01,73,NPK,35.024,109712.84
2025-11-01,73,NPK,4.841,15920.7
2025-12-01,73,NPK,6.566,21659.68
2022-01-01,74,Ureia,12.157,33131.5
2022-03-01,74,NPK,44.719,146569.89
2022-04-01,74,Superfosfato Simples,50.185,107185.43
2022-08-01,74,NPK,12.219,40560.17
2022-09-01,74,Ureia,44.05,124880.61
2023-02-01,74,Ureia,11.601,34026.26
2023-03-01,74,Superfosfato Simples,57.95,120269.55
2023-04-01,74,NPK,54.718,178311.32
2023-05-01,74,NPK,11.247,34596.89
2023-06-01,74,Ureia,9.383,25576.39
2023-07-01,74,Ureia,12.775,35486.89
2023-09-01,74,Superfosfato Simples,68.622,149310.9
2023-10-01,74,Ureia,11.043,30695.31
2023-12-01,74,NPK,16.348,52826.04
2024-02-01,74,Ureia,17.472,48931.24
2024-03-01,74,Superfosfato Simples,52.333,107310.25
2024-04-01,74,Ureia,70.209,200923.32
2024-07-01,74,Ureia,11.232,32267.3
2024-08-01,74,NPK,14.918,46089.6
2024-09-01,74,Superfosfato Simples,49.373,103989.73
2024-11-01,74,Ureia,7.264,19885.19
2025-03-01,74,NPK,53.65,169447.56
2025-04-01,74,Ureia,43.695,125379.98
2025-06-01,74,NPK,13.421,45064.56
2025-09-01,74,NPK,52.108,167688.77
2025-11-01,74,Ureia,10.57,29320.84
2025-12-01,74,Ureia,12.404,36396.58
2022-01-01,75,Superfosfato Simples,1.411,2970.05
2022-02-01,75,Ureia,5.372,15350.97
2022-04-01,75,NPK,1.319,4125.51
2022-09-01,75,Superfosfato Simples,7.679,15916.35
2022-10-01,75,NPK,7.372,23334.18
2023-02-01,75,Ureia,6.281,18397.62
2023-03-01,75,Superfosfato Simples,1.851,3825.86
2023-04-01,75,Ureia,1.598,4444.74
2023-06-01,75,Ureia,1.911,5341.58
2023-09-01,75,Ureia,7.741,21497.61
2023-10-01,75,Ureia,8.87,23886.1
2023-11-01,75,Ureia,1.161,3364.35
2024-02-01,75,Superfosfato Simples,7.002,14379.98
2024-05-01,75,Ureia,0.932,2674.99
2024-06-01,75,NPK,1.863,6142.3
2024-08-01,75,Superfosfato Simples,1.76,3743.13
2024-09-01,75,Ureia,5.335,14711.6
2024-10-01,75,NPK,7.508,24084.84
2024-11-01,75,Superfosfato Simples,1.038,2173.78
2025-02-01,75,NPK,6.367,20363.06
2025-05-01,75,Superfosfato Simples,1.798,3632.19
2025-06-01,75,Superfosfato Simples,1.013,2183.71
2025-07-01,75,Superfosfato Simples,1.473,3215.83
2025-09-01,75,Ureia,7.291,19963.81
2025-10-01,75,Superfosfato Simples,8.49,18315.53
2022-02-01,76,NPK,4.89,16193.34
2022-04-01,76,NPK,0.984,3294.84
2022-05-01,76,Ureia,0.93,2634.55
2022-06-01,76,Superfosfato Simples,1.36,2942.4
2022-08-01,76,Ureia,1.325,3765.29
2022-09-01,76,Superfosfato Simples,6.558,13755.07
2022-10-01,76,Superfosfato Simples,4.593,9391.61
2023-01-01,76,Superfosfato Simples,1.145,2485.82
2023-02-01,76,Superfosfato Simples,4.576,9479.32
2023-03-01,76,Ureia,0.903,2524.46
2023-06-01,76,Superfosfato Simples,0.936,1922.42
2023-07-01,76,Superfosfato Simples,1.71,3727.64
2023-09-01,76,NPK,5.501,17058.92
2023-10-01,76,NPK,5.853,19294.33
2023-12-01,76,NPK,0.908,2961.49
2024-02-01,76,NPK,5.105,17059.15
2024-06-01,76,Ureia,1.169,3149.76
2024-07-01,76,NPK,1.439,4605.78
2024-09-01,76,NPK,4.587,14213.93
2024-10-01,76,Superfosfato Simples,5.057,10688.57
2025-01-01,76,Ureia,1.403,3918.03
2025-02-01,76,Superfosfato Simples,4.402,9173.83
2025-07-01,76,Ureia,1.156,3212.31
2025-09-01,76,Superfosfato Simples,4.926,10210.77
2025-10-01,76,Superfosfato Simples,6.093,13216.46
2025-11-01,76,Superfosfato Simples,0.714,1526.78
2022-02-01,77,NPK,3.93,12659.96
2022-06-01,77,Ureia,0.714,1986.11
2022-09-01,77,NPK,4.087,13428.6
2022-10-01,77,NPK,4.578,15100.66
2023-02-01,77,Superfosfato Simples,4.522,9390.76
2023-03-01,77,NPK,0.872,2863.36
2023-07-01,77,NPK,1.069,3288.57
2023-08-01,77,NPK,0.653,2188.2
2023-09-01,77,Superfosfato Simples,4.302,9030.92
2023-10-01,77,NPK,5.477,17316.59
2023-12-01,77,Ureia,0.644,1886.37
2024-01-01,77,Superfosfato Simples,0.608,1248.28
2024-02-01,77,NPK,3.687,11565.97
2024-06-01,77,NPK,0.58,1903.7
2024-08-01,77,Superfosfato Simples,0.961,2042.21
2024-09-01,77,NPK,5.609,17760.61
2024-10-01,77,Superfosfato Simples,3.981,8728.92
2024-12-01,77,NPK,0.786,2636.33
2025-02-01,77,NPK,5.298,16522.46
2025-04-01,77,Superfosfato Simples,0.952,2075.68
2025-05-01,77,Ureia,1.01,2873.02
2025-09-01,77,Ureia,5.686,16712.09
2025-10-01,77,Ureia,3.9,11241.93
2022-01-01,78,Ureia,2.126,5943.19
2022-02-01,78,NPK,6.754,21190.08
2022-05-01,78,Ureia,1.575,4413.22
2022-06-01,78,Superfosfato Simples,2.796,5733.24
2022-07-01,78,NPK,2.453,8129.05
2022-09-01,78,Ureia,6.998,19737.47
2022-10-01,78,Superfosfato Simples,9.536,20170.87
2022-11-01,78,Superfosfato Simples,1.477,3024.18
2023-01-01,78,NPK,2.24,7425.27
2023-02-01,78,Superfosfato Simples,8.813,18473.27
2023-05-01,78,Superfosfato Simples,1.634,3594.33
2023-06-01,78,Ureia,1.648,4429.97
2023-08-01,78,Superfosfato Simples,1.661,3535.05
2023-09-01,78,NPK,7.401,23042.36
2023-10-01,78,NPK,10.364,33005.99
2024-01-01,78,NPK,1.399,4685.88
2024-02-01,78,NPK,8.655,28397.76
2024-03-01,78,NPK,2.053,6704.29
2024-04-01,78,Ureia,0.941,2653.72
2024-05-01,78,Ureia,1.943,5369.1
2024-07-01,78,Superfosfato Simples,1.64,3412.05
2024-09-01,78,Ureia,10.388,28218.33
2024-10-01,78,Superfosfato Simples,8.853,19004.57
2024-11-01,78,NPK,2.205,6830.01
2024-12-01,78,NPK,2.915,9684.73
2025-01-01,78,Ureia,2.799,7563.67
2025-02-01,78,Superfosfato Simples,7.942,17110.5
2025-03-01,78,Superfosfato Simples,2.107,4580.74
2025-04-01,78,Ureia,1.079,2966.36
2025-06-01,78,Superfosfato Simples,2.041,4302.85
2025-07-01,78,Superfosfato Simples,2.101,4387.54
2025-08-01,78,NPK,2.232,7226.73
2025-09-01,78,Ureia,7.983,22625.34
2025-10-01,78,Ureia,10.061,28865.1
2025-12-01,78,Superfosfato Simples,1.811,3663.73
2022-02-01,79,Ureia,3.937,11246.45
2022-04-01,79,NPK,0.432,1363.47
2022-08-01,79,Ureia,0.639,1874.41
2022-09-01,79,NPK,2.915,9227.31
2022-10-01,79,NPK,3.693,11567.59
2022-11-01,79,Ureia,0.711,2046.14
2022-12-01,79,NPK,0.491,1555.55
2023-01-01,79,NPK,0.954,3017.66
2023-02-01,79,NPK,3.386,11025.36
2023-08-01,79,Ureia,0.666,1916.88
2023-09-01,79,NPK,3.898,12187.72
2023-10-01,79,Superfosfato Simples,3.117,6614.06
2023-11-01,79,Superfosfato Simples,0.735,1492.31
2024-01-01,79,Ureia,1.068,2910.01
2024-02-01,79,NPK,3.13,10445.82
2024-04-01,79,Ureia,1.043,2964.81
2024-05-01,79,NPK,0.584,1835.41
2024-07-01,79,Superfosfato Simples,0.39,858.72
2024-09-01,79,NPK,3.161,9842.94
2024-10-01,79,Superfosfato Simples,3.489,7352.5
2024-12-01,79,NPK,1.017,3372.57
2025-01-01,79,Ureia,0.924,2657.6
2025-02-01,79,Ureia,4.274,11953.06
2025-04-01,79,NPK,0.578,1935.1
2025-06-01,79,Superfosfato Simples,1.046,2223.19
2025-08-01,79,Superfosfato Simples,1.157,2401.06
2025-09-01,79,Superfosfato Simples,4.112,8560.51
2025-10-01,79,NPK,4.262,13663.98
2025-11-01,79,Ureia,0.455,1290.81
2022-01-01,80,NPK,39.235,126846.4
2022-02-01,80,Cloreto de Potássio,28.299,99157.24
2022-03-01,80,Cloreto de Potássio,4.82,17051.48
2022-04-01,80,NPK,4.419,14471.41
2022-05-01,80,NPK,10.554,33363.62
2022-06-01,80,Cloreto de Potássio,5.96,22425.04
2022-09-01,80,Ureia,37.353,109543.79
2022-11-01,80,Ureia,8.872,25220.35
2023-01-01,80,Ureia,42.738,125431.97
2023-02-01,80,Ureia,45.777,123388.74
2023-03-01,80,Ureia,9.274,27139.7
2023-04-01,80,NPK,10.982,34942.66
2023-06-01,80,Ureia,5.356,15351.53
2023-07-01,80,NPK,7.386,23116.52
2023-09-01,80,NPK,35.771,117633.75
2023-12-01,80,NPK,10.398,32228.61
2024-01-01,80,Ureia,32.978,88683.6
2024-02-01,80,Cloreto de Potássio,32.343,117680.98
2024-03-01,80,Cloreto de Potássio,10.797,39057.25
2024-05-01,80,Ureia,5.272,14967.89
2024-06-01,80,Ureia,11.595,32649.74
2024-07-01,80,Cloreto de Potássio,7.916,29635.82
2024-08-01,80,NPK,5.743,17820.75
2024-09-01,80,Ureia,41.703,121558.33
2024-11-01,80,NPK,12.988,43372.63
2025-01-01,80,Ureia,36.559,104431.28
2025-02-01,80,Ureia,29.851,82040.75
2025-03-01,80,NPK,5.777,17844.48
2025-04-01,80,Cloreto de Potássio,8.78,32356.71
2025-05-01,80,Cloreto de Potássio,5.227,19173.45
2025-06-01,80,Cloreto de Potássio,9.198,32963.02
2025-09-01,80,Ureia,35.432,97857.01
2025-10-01,80,NPK,7.374,22703.54
2025-12-01,80,NPK,8.784,28934.52
2022-01-01,81,Ureia,12.558,34727.82
2022-02-01,81,Superfosfato Simples,18.856,39131.49
2022-03-01,81,NPK,45.912,146131.08
2022-04-01,81,Superfosfato Simples,59.926,130706.41
2022-05-01,81,NPK,12.931,42260.66
2022-09-01,81,NPK,51.59,159568.57
2022-12-01,81,Ureia,8.137,23718.39
2023-03-01,81,NPK,78.985,265034.78
2023-04-01,81,NPK,84.231,281016.86
2023-07-01,81,NPK,14.707,48061.8
2023-08-01,81,Superfosfato Simples,18.378,39608.7
2023-09-01,81,NPK,61.15,202356.59
2023-11-01,81,NPK,10.503,34080.53
2023-12-01,81,NPK,13.118,40785.43
2024-01-01,81,Ureia,7.838,22850.58
2024-03-01,81,Superfosfato Simples,55.434,114442.29
2024-04-01,81,NPK,78.546,247736.0
2024-06-01,81,NPK,11.733,38824.36
2024-07-01,81,NPK,20.523,64233.44
2024-09-01,81,Ureia,53.136,145891.19
2024-10-01,81,Ureia,10.651,29278.76
2024-11-01,81,Superfosfato Simples,12.409,26820.38
2024-12-01,81,Ureia,15.81,45385.41
2025-03-01,81,NPK,62.622,209000.29
2025-04-01,81,Superfosfato Simples,59.684,120959.47
2025-06-01,81,Superfosfato Simples,13.817,28362.57
2025-07-01,81,Ureia,14.902,43223.88
2025-08-01,81,Superfosfato Simples,10.86,23872.77
2025-09-01,81,NPK,57.492,185193.09
2025-11-01,81,Ureia,16.992,46288.9
2022-02-01,82,Ureia,1.322,3809.62
2022-05-01,82,Superfosfato Simples,0.283,614.6
2022-07-01,82,Ureia,0.274,767.56
2022-08-01,82,Ureia,0.353,1036.05
2022-09-01,82,NPK,1.448,4637.68
2022-10-01,82,Ureia,1.501,4275.67
2022-12-01,82,Ureia,0.467,1342.38
2023-02-01,82,Ureia,1.159,3322.96
2023-06-01,82,Ureia,0.285,829.54
2023-09-01,82,Ureia,1.668,4620.62
2023-10-01,82,NPK,1.413,4440.85
2023-11-01,82,Superfosfato Simples,0.352,753.5
2023-12-01,82,Ureia,0.419,1165.85
2024-02-01,82,Superfosfato Simples,1.367,2924.39
2024-04-01,82,NPK,0.399,1248.64
2024-06-01,82,Ureia,0.389,1063.31
2024-08-01,82,Ureia,0.286,839.66
2024-09-01,82,Superfosfato Simples,1.645,3441.27
2024-10-01,82,Ureia,1.51,4179.31
2024-12-01,82,Superfosfato Simples,0.384,841.86
2025-01-01,82,Superfosfato Simples,0.418,850.36
2025-02-01,82,NPK,1.077,3411.37
2025-04-01,82,NPK,0.289,913.41
2025-06-01,82,Ureia,0.285,800.2
2025-07-01,82,Superfosfato Simples,0.232,474.72
2025-08-01,82,Superfosfato Simples,0.199,416.59
2025-09-01,82,Superfosfato Simples,1.559,3432.68
2025-10-01,82,NPK,1.738,5671.43
2022-01-01,83,Ureia,0.33,926.7
2022-02-01,83,Ureia,2.723,7958.23
2022-03-01,83,Ureia,0.392,1147.21
2022-04-01,83,Ureia,0.773,2091.24
2022-09-01,83,Superfosfato Simples,3.089,6342.51
2022-10-01,83,NPK,2.421,7684.63
2022-11-01,83,Superfosfato Simples,0.525,1099.85
2023-01-01,83,Superfosfato Simples,0.357,780.73
2023-02-01,83,NPK,1.879,5800.43
2023-08-01,83,NPK,0.648,2052.79
2023-09-01,83,Superfosfato Simples,2.123,4284.25
2023-10-01,83,NPK,2.426,8084.66
2024-01-01,83,Superfosfato Simples,0.616,1341.24
2024-02-01,83,Ureia,2.767,7529.97
2024-09-01,83,Ureia,2.883,8375.38
2024-10-01,83,NPK,2.639,8719.77
2025-02-01,83,NPK,2.34,7770.54
2025-05-01,83,NPK,0.762,2468.75
2025-06-01,83,Ureia,0.817,2357.95
2025-09-01,83,Superfosfato Simples,2.62,5740.73
2025-10-01,83,NPK,2.336,7178.78
2025-11-01,83,NPK,0.374,1190.6
2025-12-01,83,Superfosfato Simples,0.421,927.34
2022-01-01,84,Superfosfato Simples,18.282,38901.4
2022-02-01,84,Ureia,25.698,70215.02
2022-03-01,84,Superfosfato Simples,101.583,215839.19
2022-04-01,84,Ureia,100.689,275427.31
2022-05-01,84,NPK,31.603,102866.68
2022-06-01,84,NPK,29.723,93177.4
2022-09-01,84,Superfosfato Simples,100.383,207146.87
2022-10-01,84,NPK,14.562,48520.23
2022-12-01,84,Superfosfato Simples,26.302,55241.59
2023-01-01,84,NPK,31.036,101582.25
2023-02-01,84,Superfosfato Simples,40.299,87638.56
2023-03-01,84,NPK,133.64,424799.82
2023-04-01,84,Superfosfato Simples,118.295,260820.3
2023-06-01,84,NPK,15.417,51268.2
2023-08-01,84,NPK,38.506,123304.95
2023-09-01,84,NPK,115.778,387334.68
2023-10-01,84,Superfosfato Simples,34.354,70227.6
2024-01-01,84,Ureia,36.253,99430.47
2024-03-01,84,Ureia,124.713,335909.92
2024-04-01,84,Superfosfato Simples,121.283,250871.41
2024-06-01,84,Ureia,28.041,78817.93
2024-07-01,84,NPK,22.462,73570.57
2024-08-01,84,NPK,19.018,62824.88
2024-09-01,84,NPK,114.491,372539.34
2024-12-01,84,Superfosfato Simples,32.11,66444.53
2025-01-01,84,NPK,40.472,130919.41
2025-03-01,84,Ureia,104.838,287338.2
2025-04-01,84,NPK,118.565,385876.31
2025-05-01,84,NPK,27.134,87866.39
2025-09-01,84,Ureia,129.25,370487.68
2025-10-01,84,Superfosfato Simples,35.608,74947.12
2022-02-01,85,Cloreto de Potássio,9.814,35388.41
2022-03-01,85,NPK,14.403,46110.51
2022-04-01,85,NPK,11.713,37209.5
2022-05-01,85,NPK,8.875,28100.36
2022-06-01,85,Cloreto de Potássio,8.79,33102.79
2022-09-01,85,Superfosfato Simples,49.165,100865.38
2022-10-01,85,Cloreto de Potássio,54.607,201697.95
2022-11-01,85,Superfosfato Simples,46.436,96093.93
2022-12-01,85,NPK,9.609,30344.02
2023-04-01,85,NPK,8.933,28591.36
2023-09-01,85,NPK,54.454,178359.36
2023-10-01,85,NPK,42.052,133093.21
2023-11-01,85,Cloreto de Potássio,33.143,120475.94
2024-02-01,85,Superfosfato Simples,10.94,22724.72
2024-04-01,85,Cloreto de Potássio,13.033,47430.47
2024-05-01,85,Superfosfato Simples,12.467,26815.05
2024-07-01,85,NPK,6.164,20604.74
2024-09-01,85,Cloreto de Potássio,58.031,202081.09
2024-10-01,85,Cloreto de Potássio,40.11,145704.23
2024-11-01,85,Cloreto de Potássio,49.423,181928.34
2025-04-01,85,NPK,13.158,42864.69
2025-05-01,85,NPK,6.513,20905.84
2025-07-01,85,NPK,16.242,52237.0
2025-09-01,85,NPK,55.897,179929.71
2025-10-01,85,Superfosfato Simples,39.604,85059.75
2025-11-01,85,Superfosfato Simples,44.642,90302.06
2022-01-01,86,Ureia,19.339,54817.54
2022-02-01,86,Ureia,20.578,57373.31
2022-05-01,86,NPK,4.548,14640.62
2022-08-01,86,NPK,3.499,11144.59
2022-09-01,86,NPK,21.137,68605.84
2022-10-01,86,Ureia,4.258,11566.43
2023-01-01,86,Cloreto de Potássio,22.824,84320.25
2023-02-01,86,Ureia,19.571,56979.72
2023-03-01,86,Cloreto de Potássio,3.463,12225.98
2023-04-01,86,Ureia,5.462,15108.41
2023-09-01,86,NPK,23.587,79145.19
2023-10-01,86,Cloreto de Potássio,3.025,11039.27
2023-11-01,86,Ureia,5.581,15868.6
2023-12-01,86,Ureia,6.011,17591.73
2024-01-01,86,NPK,23.888,78397.54
2024-02-01,86,NPK,23.023,72154.29
2024-05-01,86,Ureia,2.68,7404.74
2024-09-01,86,Ureia,22.63,61515.62
2024-10-01,86,NPK,6.832,21331.41
2024-12-01,86,Cloreto de Potássio,4.691,17059.35
2025-01-01,86,NPK,20.307,62753.21
2025-02-01,86,NPK,21.9,71553.2
2025-05-01,86,Cloreto de Potássio,4.682,17542.33
2025-06-01,86,Cloreto de Potássio,7.147,25352.04
2025-08-01,86,Ureia,2.443,6711.35
2025-09-01,86,Cloreto de Potássio,18.804,65255.44
2025-10-01,86,Cloreto de Potássio,6.242,22560.35
2025-12-01,86,Cloreto de Potássio,2.591,9262.84
2022-01-01,87,Cloreto de Potássio,1.541,5688.28
2022-04-01,87,Cloreto de Potássio,1.414,5100.96
2022-07-01,87,Superfosfato Simples,1.877,3928.71
2022-08-01,87,NPK,0.884,2800.38
2022-09-01,87,Superfosfato Simples,6.622,14428.54
2022-10-01,87,Superfosfato Simples,5.473,11983.45
2022-11-01,87,Cloreto de Potássio,7.907,28710.54
2022-12-01,87,NPK,1.105,3705.55
2023-01-01,87,Cloreto de Potássio,1.986,7430.33
2023-02-01,87,Superfosfato Simples,1.63,3287.32
2023-03-01,87,NPK,1.668,5452.68
2023-04-01,87,Cloreto de Potássio,1.485,5396.04
2023-06-01,87,Superfosfato Simples,1.427,2986.87
2023-07-01,87,Cloreto de Potássio,1.017,3566.06
2023-08-01,87,Superfosfato Simples,2.019,4375.55
2023-09-01,87,Superfosfato Simples,7.921,17391.12
2023-10-01,87,NPK,6.34,20466.07
2023-11-01,87,NPK,6.432,19789.15
2024-02-01,87,Cloreto de Potássio,1.691,6365.14
2024-06-01,87,NPK,1.268,4006.23
2024-07-01,87,Superfosfato Simples,2.289,4632.74
2024-09-01,87,NPK,5.724,18005.79
2024-10-01,87,Superfosfato Simples,7.849,16965.53
2024-11-01,87,Cloreto de Potássio,7.345,27643.02
2024-12-01,87,Cloreto de Potássio,2.274,8418.19
2025-05-01,87,Cloreto de Potássio,1.674,6191.61
2025-07-01,87,Superfosfato Simples,0.886,1929.29
2025-09-01,87,NPK,6.557,21263.74
2025-10-01,87,Superfosfato Simples,7.363,15462.28
2025-11-01,87,Superfosfato Simples,7.578,16086.54
2025-12-01,87,Cloreto de Potássio,1.773,6463.92
2022-01-01,88,Ureia,0.246,714.16
2022-02-01,88,Ureia,0.872,2368.04
2022-04-01,88,NPK,0.163,518.92
2022-05-01,88,Ureia,0.242,653.17
2022-08-01,88,Ureia,0.283,818.36
2022-09-01,88,NPK,1.161,3613.14
2022-10-01,88,Superfosfato Simples,1.286,2598.33
2022-12-01,88,Superfosfato Simples,0.223,465.09
2023-02-01,88,Ureia,0.945,2672.87
2023-06-01,88,NPK,0.198,659.95
2023-07-01,88,Superfosfato Simples,0.14,287.18
2023-09-01,88,Superfosfato Simples,1.176,2429.27
2023-10-01,88,NPK,0.943,3054.99
2024-02-01,88,Ureia,1.075,2892.63
2024-04-01,88,Superfosfato Simples,0.158,334.37
2024-06-01,88,Ureia,0.188,543.3
2024-09-01,88,Ureia,1.009,2852.81
2024-10-01,88,NPK,1.269,3951.77
2025-01-01,88,NPK,0.147,475.55
2025-02-01,88,Superfosfato Simples,1.075,2240.69
2025-07-01,88,Superfosfato Simples,0.277,596.47
2025-09-01,88,NPK,1.2,3945.12
2025-10-01,88,Superfosfato Simples,0.984,2149.03
2025-11-01,88,Superfosfato Simples,0.281,594.18
2022-02-01,89,Superfosfato Simples,8.057,16372.11
2022-03-01,89,Ureia,1.163,3207.44
2022-05-01,89,Superfosfato Simples,2.367,5042.66
2022-06-01,89,Ureia,2.23,6211.21
2022-07-01,89,Superfosfato Simples,2.067,4403.5
2022-08-01,89,NPK,1.79,5855.32
2022-09-01,89,Superfosfato Simples,9.538,20366.76
2022-10-01,89,Ureia,6.675,19413.82
2022-11-01,89,Ureia,1.375,4010.35
2022-12-01,89,Ureia,1.387,3909.19
2023-02-01,89,Superfosfato Simples,7.128,14623.8
2023-03-01,89,Superfosfato Simples,2.335,4837.55
2023-04-01,89,Ureia,1.519,4161.34
2023-08-01,89,Superfosfato Simples,1.315,2847.37
2023-09-01,89,Superfosfato Simples,8.571,18590.59
2023-10-01,89,Superfosfato Simples,7.452,15404.55
2023-11-01,89,Superfosfato Simples,1.651,3350.9
2024-02-01,89,NPK,8.244,25774.13
2024-03-01,89,Superfosfato Simples,2.453,5215.81
2024-05-01,89,Ureia,1.149,3270.38
2024-09-01,89,NPK,7.003,22241.98
2024-10-01,89,NPK,8.423,26548.27
2025-01-01,89,NPK,2.636,8128.11
2025-02-01,89,NPK,8.172,25898.95
2025-03-01,89,NPK,1.414,4433.58
2025-04-01,89,Ureia,2.447,7095.99
2025-06-01,89,Ureia,1.411,3865.0
2025-07-01,89,Superfosfato Simples,2.351,5012.5
2025-08-01,89,NPK,2.145,7111.68
2025-09-01,89,NPK,7.381,24570.34
2025-10-01,89,NPK,9.493,29815.29
2025-12-01,89,NPK,1.932,6064.29
2022-01-01,90,NPK,0.808,2654.18
2022-02-01,90,Ureia,4.066,10953.0
2022-03-01,90,Ureia,0.673,1942.93
2022-07-01,90,Ureia,1.204,3280.2
2022-09-01,90,NPK,4.967,16385.95
2022-10-01,90,Ureia,3.502,9655.31
2022-11-01,90,Ureia,1.195,3501.45
2022-12-01,90,NPK,0.977,3128.6
2023-01-01,90,Ureia,0.794,2138.37
2023-02-01,90,Ureia,4.112,11145.76
2023-06-01,90,Superfosfato Simples,0.833,1780.88
2023-07-01,90,Ureia,1.271,3533.22
2023-08-01,90,NPK,0.617,2004.79
2023-09-01,90,Superfosfato Simples,4.137,9068.92
2023-10-01,90,Ureia,4.003,11041.02
2023-11-01,90,Superfosfato Simples,0.657,1332.8
2023-12-01,90,Superfosfato Simples,1.036,2123.03
2024-02-01,90,NPK,5.661,17418.6
2024-03-01,90,NPK,0.934,2941.62
2024-04-01,90,Superfosfato Simples,1.028,2220.28
2024-05-01,90,NPK,0.694,2289.25
2024-09-01,90,NPK,4.972,15837.89
2024-10-01,90,NPK,3.732,11724.73
2024-11-01,90,Ureia,0.873,2400.7
2025-02-01,90,NPK,4.125,12751.68
2025-06-01,90,Superfosfato Simples,1.095,2357.82
2025-07-01,90,Superfosfato Simples,0.961,2001.66
2025-08-01,90,Ureia,1.22,3440.3
2025-09-01,90,Ureia,4.312,11727.83
2025-10-01,90,Ureia,3.261,9457.46
2025-12-01,90,NPK,0.819,2590.16
2022-02-01,91,Superfosfato Simples,1.226,2645.48
2022-04-01,91,Ureia,0.385,1073.33
2022-06-01,91,Ureia,0.438,1228.82
2022-08-01,91,NPK,0.319,1002.51
2022-09-01,91,NPK,1.371,4328.36
2022-10-01,91,Ureia,1.258,3662.71
2022-11-01,91,Superfosfato Simples,0.195,413.45
2023-01-01,91,Ureia,0.413,1130.28
2023-02-01,91,NPK,1.76,5480.69
2023-03-01,91,NPK,0.242,787.38
2023-07-01,91,Ureia,0.284,767.04
2023-09-01,91,Ureia,1.33,3720.3
2023-10-01,91,Superfosfato Simples,1.676,3609.63
2023-11-01,91,Ureia,0.226,626.29
2023-12-01,91,NPK,0.431,1341.68
2024-01-01,91,Ureia,0.213,584.37
2024-02-01,91,NPK,1.184,3703.57
2024-03-01,91,NPK,0.349,1115.04
2024-04-01,91,NPK,0.482,1503.39
2024-06-01,91,NPK,0.42,1402.11
2024-09-01,91,Superfosfato Simples,1.759,3788.14
2024-10-01,91,Ureia,1.546,4380.46
2024-12-01,91,Ureia,0.445,1255.23
2025-01-01,91,Superfosfato Simples,0.484,1001.26
2025-02-01,91,NPK,1.905,6299.26
2025-05-01,91,Ureia,0.324,875.1
2025-06-01,91,NPK,0.439,1418.78
2025-07-01,91,Ureia,0.293,854.42
2025-08-01,91,Ureia,0.428,1230.55
2025-09-01,91,NPK,1.568,4926.4
2025-10-01,91,Superfosfato Simples,1.948,3951.59
2025-12-01,91,NPK,0.363,1158.44
2022-01-01,92,Cloreto de Potássio,5.225,18456.59
2022-02-01,92,Superfosfato Simples,6.947,14286.17
2022-06-01,92,Superfosfato Simples,5.506,11492.26
2022-09-01,92,Superfosfato Simples,29.887,62672.88
2022-10-01,92,Superfosfato Simples,38.036,81338.7
2022-11-01,92,NPK,32.061,98793.19
2023-01-01,92,Superfosfato Simples,8.305,17303.64
2023-02-01,92,Cloreto de Potássio,4.044,14107.05
2023-03-01,92,NPK,3.581,11848.0
2023-07-01,92,Superfosfato Simples,4.218,9170.63
2023-09-01,92,Cloreto de Potássio,29.402,107387.82
2023-10-01,92,Superfosfato Simples,28.165,59521.5
2023-11-01,92,Cloreto de Potássio,28.568,99027.51
2023-12-01,92,Cloreto de Potássio,7.848,28034.91
2024-03-01,92,NPK,6.471,21359.13
2024-04-01,92,Cloreto de Potássio,7.233,25345.77
2024-07-01,92,Cloreto de Potássio,3.931,13746.15
2024-08-01,92,Cloreto de Potássio,5.132,18699.38
2024-09-01,92,NPK,33.627,112307.57
2024-10-01,92,Superfosfato Simples,34.685,73777.42
2024-11-01,92,Cloreto de Potássio,34.691,127267.5
2025-04-01,92,Cloreto de Potássio,8.569,30901.32
2025-05-01,92,Cloreto de Potássio,9.337,32670.73
2025-07-01,92,Superfosfato Simples,6.09,13276.67
2025-09-01,92,Cloreto de Potássio,34.275,123071.91
2025-10-01,92,NPK,35.126,108332.21
2025-11-01,92,Cloreto de Potássio,27.082,101993.2
2025-12-01,92,NPK,8.104,26369.47
2022-01-01,93,NPK,5.537,17176.46
2022-02-01,93,NPK,5.981,18946.4
2022-03-01,93,Superfosfato Simples,5.436,11360.37
2022-05-01,93,Superfosfato Simples,5.809,12589.57
2022-07-01,93,Cloreto de Potássio,4.683,16251.99
2022-09-01,93,NPK,20.487,65735.84
2022-10-01,93,Superfosfato Simples,26.379,56031.33
2022-11-01,93,NPK,26.312,84234.98
2023-01-01,93,Superfosfato Simples,2.444,5044.5
2023-05-01,93,Cloreto de Potássio,4.246,14739.88
2023-07-01,93,Cloreto de Potássio,5.12,17721.83
2023-08-01,93,Cloreto de Potássio,5.873,21760.19
2023-09-01,93,Superfosfato Simples,22.751,46783.69
2023-10-01,93,NPK,21.697,71997.31
2023-11-01,93,Superfosfato Simples,24.552,51021.59
2024-02-01,93,Cloreto de Potássio,2.929,10142.26
2024-04-01,93,Superfosfato Simples,3.741,7723.63
2024-07-01,93,Cloreto de Potássio,4.302,15299.1
2024-09-01,93,NPK,20.161,67004.84
2024-10-01,93,NPK,22.38,69176.64
2024-11-01,93,Cloreto de Potássio,25.692,96825.61
2025-03-01,93,NPK,5.984,19212.22
2025-04-01,93,NPK,5.867,18620.29
2025-07-01,93,Superfosfato Simples,6.306,13671.58
2025-08-01,93,NPK,2.657,8424.09
2025-09-01,93,NPK,23.458,75296.96
2025-10-01,93,NPK,27.134,86014.02
2025-11-01,93,NPK,22.446,74172.7
2025-12-01,93,Superfosfato Simples,4.032,8614.31
2022-01-01,94,Superfosfato Simples,8.259,17004.09
2022-02-01,94,Cloreto de Potássio,10.248,36702.98
2022-03-01,94,Cloreto de Potássio,4.795,16863.72
2022-04-01,94,Cloreto de Potássio,4.214,15449.3
2022-06-01,94,NPK,11.493,35750.3
2022-09-01,94,Cloreto de Potássio,39.285,142061.16
2022-10-01,94,Cloreto de Potássio,43.976,153687.32
2022-11-01,94,Superfosfato Simples,41.609,86377.19
2023-01-01,94,NPK,6.607,22083.54
2023-02-01,94,Cloreto de Potássio,11.598,43837.74
2023-04-01,94,Cloreto de Potássio,12.141,42254.76
2023-08-01,94,NPK,6.665,22262.74
2023-09-01,94,Cloreto de Potássio,39.823,139091.12
2023-10-01,94,Cloreto de Potássio,45.123,168933.49
2023-11-01,94,NPK,28.691,90051.8
2024-01-01,94,NPK,8.215,27156.61
2024-03-01,94,Superfosfato Simples,8.755,18738.7
2024-06-01,94,NPK,6.939,22631.37
2024-09-01,94,Superfosfato Simples,32.478,65500.26
2024-10-01,94,Cloreto de Potássio,38.157,136889.78
2024-11-01,94,Superfosfato Simples,27.935,61042.43
2025-03-01,94,NPK,8.638,27705.96
2025-04-01,94,Superfosfato Simples,5.456,11524.87
2025-05-01,94,Cloreto de Potássio,4.307,15689.75
2025-06-01,94,NPK,10.486,32392.29
2025-08-01,94,Cloreto de Potássio,5.711,19989.26
2025-09-01,94,Superfosfato Simples,43.838,90760.8
2025-10-01,94,NPK,35.732,117043.33
2025-11-01,94,NPK,34.017,114079.78
2022-01-01,95,Ureia,31.325,88753.35
2022-02-01,95,Cloreto de Potássio,44.055,155805.12
2022-03-01,95,Ureia,5.789,16627.6
2022-04-01,95,Ureia,5.045,14291.44
2022-05-01,95,Ureia,10.541,29432.22
2022-09-01,95,NPK,37.246,117907.13
2022-11-01,95,Ureia,9.435,27400.7
2023-01-01,95,Cloreto de Potássio,34.722,129652.95
2023-02-01,95,NPK,41.739,133480.73
2023-06-01,95,Cloreto de Potássio,11.586,41126.36
2023-08-01,95,NPK,5.303,17465.36
2023-09-01,95,Ureia,40.874,115910.25
2023-11-01,95,NPK,8.312,27544.03
2023-12-01,95,NPK,6.551,21831.76
2024-01-01,95,NPK,29.936,95279.09
2024-02-01,95,Cloreto de Potássio,48.964,184036.5
2024-04-01,95,NPK,9.124,30294.02
2024-09-01,95,NPK,43.814,137777.7
2024-11-01,95,Cloreto de Potássio,12.975,48200.49
2025-01-01,95,Cloreto de Potássio,35.422,122457.12
2025-02-01,95,Cloreto de Potássio,47.235,175023.55
2025-07-01,95,Cloreto de Potássio,10.428,38757.62
2025-08-01,95,Cloreto de Potássio,10.211,37159.16
2025-09-01,95,Cloreto de Potássio,37.496,131970.59
2022-01-01,96,NPK,20.503,65897.2
2022-02-01,96,Cloreto de Potássio,21.636,75308.66
2022-03-01,96,Ureia,3.056,8372.37
2022-05-01,96,Cloreto de Potássio,2.945,10598.98
2022-07-01,96,NPK,3.17,9748.92
2022-08-01,96,Cloreto de Potássio,2.898,10850.97
2022-09-01,96,Ureia,23.428,66586.29
2022-12-01,96,Ureia,6.352,17144.88
2023-01-01,96,Cloreto de Potássio,24.593,91027.88
2023-02-01,96,NPK,27.057,89486.02
2023-07-01,96,NPK,6.421,21013.09
2023-08-01,96,Ureia,6.047,16295.33
2023-09-01,96,Ureia,19.176,54769.71
2023-11-01,96,Ureia,3.273,8959.37
2024-01-01,96,Cloreto de Potássio,19.296,69497.0
2024-02-01,96,Cloreto de Potássio,21.796,81769.14
2024-04-01,96,Cloreto de Potássio,6.413,23060.57
2024-05-01,96,NPK,6.009,18472.84
2024-08-01,96,Ureia,6.188,16963.6
2024-09-01,96,Ureia,17.993,51537.73
2024-11-01,96,Cloreto de Potássio,6.433,24212.46
2024-12-01,96,NPK,7.41,24655.14
2025-01-01,96,Cloreto de Potássio,22.361,82065.04
2025-02-01,96,Ureia,20.535,58359.63
2025-03-01,96,Ureia,3.813,11139.32
2025-04-01,96,NPK,6.215,19764.64
2025-06-01,96,Cloreto de Potássio,6.267,21916.18
2025-08-01,96,Cloreto de Potássio,5.633,20342.45
2025-09-01,96,Cloreto de Potássio,28.285,105237.52
2025-12-01,96,Ureia,6.115,17220.58
2022-01-01,97,Ureia,46.827,132231.43
2022-02-01,97,Ureia,34.128,93969.19
2022-07-01,97,Ureia,6.842,19596.11
2022-09-01,97,NPK,34.639,113602.93
2022-11-01,97,NPK,6.842,22974.84
2023-01-01,97,Ureia,30.271,87282.7
2023-02-01,97,Cloreto de Potássio,49.435,171333.43
2023-04-01,97,Ureia,11.902,34055.97
2023-06-01,97,Cloreto de Potássio,9.293,33235.29
2023-07-01,97,Cloreto de Potássio,11.435,40074.27
2023-09-01,97,Cloreto de Potássio,36.788,134834.52
2023-10-01,97,Ureia,6.412,18205.51
2023-11-01,97,Ureia,8.861,24154.6
2023-12-01,97,Ureia,7.481,20701.1
2024-01-01,97,NPK,42.87,132020.75
2024-02-01,97,NPK,40.328,134175.62
2024-04-01,97,NPK,6.007,19370.47
2024-06-01,97,NPK,6.469,20826.07
2024-07-01,97,NPK,7.362,24358.02
2024-08-01,97,Cloreto de Potássio,7.395,25651.46
2024-09-01,97,Ureia,41.95,117097.81
2024-10-01,97,Ureia,10.054,28982.03
2024-11-01,97,Cloreto de Potássio,14.254,50115.13
2025-01-01,97,Ureia,36.048,104757.05
2025-02-01,97,Cloreto de Potássio,39.957,149940.09
2025-03-01,97,Cloreto de Potássio,7.776,27320.92
2025-04-01,97,Cloreto de Potássio,10.396,36581.54
2025-05-01,97,NPK,6.96,21917.92
2025-08-01,97,Ureia,10.103,28485.15
2025-09-01,97,NPK,48.894,155942.56
2022-01-01,98,Superfosfato Simples,9.716,20378.71
2022-03-01,98,NPK,8.047,26625.48
2022-05-01,98,Cloreto de Potássio,9.175,33961.09
2022-06-01,98,NPK,5.922,19422.29
2022-09-01,98,Superfosfato Simples,39.802,80415.84
2022-10-01,98,Cloreto de Potássio,39.423,146363.34
2022-11-01,98,Superfosfato Simples,57.108,120582.74
2022-12-01,98,Cloreto de Potássio,13.906,49146.97
2023-01-01,98,Cloreto de Potássio,11.806,42069.77
2023-02-01,98,NPK,11.234,36690.46
2023-05-01,98,NPK,15.087,50329.45
2023-07-01,98,Cloreto de Potássio,10.029,36568.01
2023-08-01,98,NPK,7.356,24305.06
2023-09-01,98,Cloreto de Potássio,43.553,157944.63
2023-10-01,98,Superfosfato Simples,58.762,119000.95
2023-11-01,98,NPK,57.377,186687.06
2024-05-01,98,NPK,15.478,51641.13
2024-06-01,98,Cloreto de Potássio,11.765,44439.0
2024-08-01,98,Superfosfato Simples,15.695,34204.1
2024-09-01,98,NPK,53.99,169102.44
2024-10-01,98,Superfosfato Simples,44.035,89662.96
2024-11-01,98,NPK,53.027,175690.53
2025-02-01,98,Cloreto de Potássio,9.877,34979.39
2025-04-01,98,Cloreto de Potássio,7.681,28826.81
2025-05-01,98,Superfosfato Simples,12.947,28039.36
2025-09-01,98,Superfosfato Simples,39.684,84797.78
2025-10-01,98,Cloreto de Potássio,50.02,176529.26
2025-11-01,98,NPK,50.386,163297.42
2025-12-01,98,Superfosfato Simples,9.625,19690.84
2022-01-01,99,Ureia,46.096,124759.86
2022-02-01,99,NPK,48.477,149992.8
2022-05-01,99,Cloreto de Potássio,12.296,44117.41
2022-06-01,99,NPK,14.799,46475.41
2022-07-01,99,Cloreto de Potássio,11.315,39274.59
2022-08-01,99,Ureia,6.494,18992.28
2022-09-01,99,Ureia,66.113,186379.47
2022-12-01,99,Ureia,7.325,20402.64
2023-01-01,99,Cloreto de Potássio,51.522,181613.22
2023-02-01,99,NPK,66.516,221530.09
2023-04-01,99,Cloreto de Potássio,10.591,36975.75
2023-05-01,99,Cloreto de Potássio,11.762,44088.49
2023-06-01,99,NPK,17.556,57722.43
2023-09-01,99,Cloreto de Potássio,54.939,207405.03
2023-10-01,99,Cloreto de Potássio,9.072,34035.63
2023-11-01,99,Ureia,11.347,31169.12
2024-01-01,99,Cloreto de Potássio,53.346,190768.62
2024-02-01,99,Ureia,52.214,147027.56
2024-03-01,99,NPK,11.249,35482.72
2024-06-01,99,Ureia,17.164,47879.31
2024-07-01,99,NPK,13.529,44548.14
2024-08-01,99,NPK,10.84,35892.55
2024-09-01,99,Cloreto de Potássio,60.431,223137.94
2024-10-01,99,Cloreto de Potássio,16.585,58905.9
2025-01-01,99,Ureia,57.628,157037.85
2025-02-01,99,Cloreto de Potássio,54.21,202935.01
2025-03-01,99,Ureia,16.227,47259.77
2025-05-01,99,Ureia,14.302,41241.53
2025-07-01,99,Cloreto de Potássio,15.275,56253.17
2025-08-01,99,Ureia,11.275,31606.19
2025-09-01,99,Cloreto de Potássio,57.802,208041.22
2025-10-01,99,Cloreto de Potássio,10.665,37646.47
2025-11-01,99,NPK,10.257,33430.17
2025-12-01,99,Cloreto de Potássio,12.466,46140.06
2022-01-01,100,Cloreto de Potássio,15.179,57180.0
2022-02-01,100,Superfosfato Simples,5.8,12313.54
2022-05-01,100,Cloreto de Potássio,12.118,44017.64
2022-07-01,100,Superfosfato Simples,6.135,12806.8
2022-09-01,100,NPK,39.949,129186.94
2022-10-01,100,Superfosfato Simples,47.146,102908.04
2022-11-01,100,Cloreto de Potássio,54.244,197511.53
2022-12-01,100,NPK,11.411,37608.82
2023-03-01,100,Cloreto de Potássio,13.535,49522.36
2023-06-01,100,NPK,9.229,30126.25
2023-08-01,100,NPK,13.499,41922.95
2023-09-01,100,NPK,54.999,170145.81
2023-10-01,100,Cloreto de Potássio,53.577,199458.26
2023-11-01,100,NPK,47.747,151838.09
2024-01-01,100,NPK,6.42,21308.35
2024-04-01,100,Superfosfato Simples,13.809,30316.85
2024-05-01,100,Cloreto de Potássio,10.359,36540.81
2024-09-01,100,NPK,44.51,137480.55
2024-10-01,100,Superfosfato Simples,61.792,129281.74
2024-11-01,100,Superfosfato Simples,57.432,117272.09
2025-01-01,100,Superfosfato Simples,12.901,28022.46
2025-02-01,100,Superfosfato Simples,16.201,34802.4
2025-03-01,100,Cloreto de Potássio,12.474,46895.38
2025-04-01,100,NPK,9.022,28242.18
2025-06-01,100,Superfosfato Simples,14.361,31477.67
2025-08-01,100,NPK,9.475,30374.06
2025-09-01,100,NPK,47.479,155126.87
2025-10-01,100,Cloreto de Potássio,37.246,130081.24
2025-11-01,100,Superfosfato Simples,51.215,112731.07
2022-03-01,101,Cloreto de Potássio,5.387,18747.22
2022-04-01,101,NPK,5.022,16477.6
2022-06-01,101,Cloreto de Potássio,4.075,14756.91
2022-07-01,101,NPK,3.862,12127.12
2022-09-01,101,Cloreto de Potássio,24.859,90215.17
2022-10-01,101,Superfosfato Simples,39.256,85008.36
2022-11-01,101,NPK,30.325,93814.98
2022-12-01,101,Superfosfato Simples,7.989,16915.51
2023-02-01,101,Cloreto de Potássio,5.691,19984.54
2023-04-01,101,Superfosfato Simples,6.976,14641.01
2023-05-01,101,Superfosfato Simples,8.462,17448.07
2023-09-01,101,Cloreto de Potássio,37.134,131089.19
2023-10-01,101,NPK,38.065,122338.39
2023-11-01,101,Superfosfato Simples,34.294,71915.28
2023-12-01,101,Superfosfato Simples,9.687,19640.84
2024-01-01,101,Superfosfato Simples,7.433,16080.54
2024-03-01,101,Superfosfato Simples,5.346,10922.66
2024-04-01,101,Cloreto de Potássio,4.467,15912.51
2024-06-01,101,NPK,8.282,27296.3
2024-09-01,101,Superfosfato Simples,25.228,51576.49
2024-10-01,101,NPK,27.012,83546.84
2024-11-01,101,Cloreto de Potássio,31.739,119653.78
2024-12-01,101,Superfosfato Simples,9.894,21390.99
2025-03-01,101,NPK,5.696,19061.6
2025-05-01,101,Superfosfato Simples,9.928,21312.92
2025-07-01,101,Superfosfato Simples,6.899,14809.92
2025-09-01,101,Superfosfato Simples,27.443,57076.75
2025-10-01,101,Superfosfato Simples,36.175,73380.17
2025-11-01,101,Superfosfato Simples,26.031,55163.23
2022-01-01,102,Ureia,10.863,29450.68
2022-02-01,102,Ureia,5.717,15929.88
2022-04-01,102,Cloreto de Potássio,7.731,27850.54
2022-07-01,102,Ureia,9.384,26394.51
2022-10-01,102,Ureia,30.635,86251.71
2022-11-01,102,NPK,35.491,112300.39
2022-12-01,102,Cloreto de Potássio,36.205,125572.35
2023-01-01,102,Ureia,6.435,18340.87
2023-02-01,102,Cloreto de Potássio,9.532,33774.37
2023-04-01,102,Ureia,7.426,21322.85
2023-08-01,102,NPK,5.783,19061.77
2023-10-01,102,Cloreto de Potássio,32.196,115370.77
2023-11-01,102,Ureia,34.941,101198.57
2023-12-01,102,NPK,35.112,114274.72
2024-03-01,102,NPK,6.05,20095.03
2024-05-01,102,Ureia,12.063,33656.19
2024-07-01,102,Ureia,10.215,29317.56
2024-08-01,102,Ureia,6.058,16539.89
2024-09-01,102,Cloreto de Potássio,7.326,25846.24
2024-10-01,102,Ureia,39.612,107497.45
2024-11-01,102,NPK,46.619,150731.39
2024-12-01,102,Cloreto de Potássio,34.107,123284.55
2025-03-01,102,Ureia,6.921,19951.84
2025-08-01,102,Cloreto de Potássio,11.874,41323.2
2025-09-01,102,NPK,11.45,35329.02
2025-10-01,102,Cloreto de Potássio,39.776,140507.52
2025-11-01,102,Ureia,38.645,105924.66
2025-12-01,102,Ureia,33.301,90415.4
2022-01-01,103,Ureia,16.864,46886.3
2022-02-01,103,Superfosfato Simples,32.095,65294.21
2022-03-01,103,NPK,129.516,399581.23
2022-04-01,103,Ureia,131.939,377830.51
2022-05-01,103,Ureia,17.359,46814.94
2022-08-01,103,Superfosfato Simples,32.389,68502.19
2022-09-01,103,Ureia,121.935,351045.59
2023-02-01,103,Ureia,31.189,91186.15
2023-03-01,103,NPK,132.949,424350.86
2023-04-01,103,Superfosfato Simples,153.575,324306.95
2023-05-01,103,NPK,24.009,79720.12
2023-07-01,103,Superfosfato Simples,28.464,58887.66
2023-08-01,103,NPK,30.528,100785.8
2023-09-01,103,Superfosfato Simples,114.813,237713.22
2023-12-01,103,Superfosfato Simples,14.938,31323.68
2024-03-01,103,Ureia,151.988,414516.52
2024-04-01,103,Superfosfato Simples,115.248,246440.25
2024-06-01,103,Ureia,18.544,53581.53
2024-07-01,103,NPK,13.943,44762.5
2024-09-01,103,Superfosfato Simples,126.839,260074.0
2024-12-01,103,Superfosfato Simples,26.057,55584.09
2025-01-01,103,Superfosfato Simples,19.669,43334.69
2025-03-01,103,NPK,125.781,412458.02
2025-04-01,103,Superfosfato Simples,111.614,225148.1
2025-07-01,103,Ureia,17.93,52486.94
2025-09-01,103,Superfosfato Simples,117.289,248499.73
2025-10-01,103,Ureia,30.471,82875.83
2025-11-01,103,Superfosfato Simples,37.356,77462.16
2022-03-01,104,NPK,63.104,202752.33
2022-04-01,104,NPK,71.597,220445.51
2022-09-01,104,NPK,84.513,271308.95
2022-11-01,104,NPK,15.575,48454.95
2023-01-01,104,Ureia,9.258,26077.51
2023-02-01,104,Superfosfato Simples,20.419,43301.92
2023-03-01,104,Superfosfato Simples,89.134,194334.11
2023-04-01,104,Superfosfato Simples,99.982,210421.92
2023-06-01,104,Superfosfato Simples,13.593,27961.67
2023-07-01,104,Ureia,17.867,49493.51
2023-09-01,104,Superfosfato Simples,87.076,179068.71
2024-03-01,104,NPK,88.965,279354.22
2024-04-01,104,Ureia,81.978,227072.98
2024-06-01,104,Superfosfato Simples,24.962,51281.99
2024-07-01,104,NPK,14.705,48243.26
2024-09-01,104,Ureia,93.871,271444.61
2024-11-01,104,NPK,18.438,59708.72
2024-12-01,104,Ureia,19.063,52108.25
2025-02-01,104,Ureia,24.628,69744.1
2025-03-01,104,NPK,78.664,247240.08
2025-04-01,104,Superfosfato Simples,101.429,221938.36
2025-05-01,104,NPK,14.314,44542.64
2025-06-01,104,Ureia,26.554,72375.8
2025-07-01,104,NPK,21.062,67111.41
2025-08-01,104,Ureia,25.263,68146.68
2025-09-01,104,NPK,74.123,240654.78
2025-10-01,104,Superfosfato Simples,25.485,55537.54
2025-12-01,104,NPK,23.111,75438.84
2022-04-01,105,NPK,9.794,30656.93
2022-07-01,105,Superfosfato Simples,8.511,17674.1
2022-09-01,105,NPK,33.059,109859.62
2022-10-01,105,NPK,36.866,113494.86
2022-11-01,105,Superfosfato Simples,28.277,62039.89
2022-12-01,105,NPK,7.369,23651.95
2023-01-01,105,Superfosfato Simples,8.179,17761.47
2023-02-01,105,NPK,8.528,26714.81
2023-03-01,105,NPK,4.911,15649.26
2023-04-01,105,NPK,8.012,24885.33
2023-05-01,105,Cloreto de Potássio,8.46,31300.83
2023-08-01,105,Cloreto de Potássio,7.654,27450.87
2023-09-01,105,NPK,26.258,85334.36
2023-10-01,105,Cloreto de Potássio,24.691,90625.76
2023-11-01,105,NPK,41.912,131143.07
2023-12-01,105,Superfosfato Simples,7.849,16109.07
2024-05-01,105,Superfosfato Simples,8.132,16553.39
2024-06-01,105,Cloreto de Potássio,5.356,18549.74
2024-07-01,105,Cloreto de Potássio,6.677,24935.85
2024-08-01,105,Superfosfato Simples,5.681,11760.74
2024-09-01,105,Superfosfato Simples,31.039,63710.67
2024-10-01,105,Cloreto de Potássio,43.727,161343.45
2024-11-01,105,Superfosfato Simples,35.647,76822.88
2025-01-01,105,Cloreto de Potássio,9.193,32152.87
2025-02-01,105,NPK,6.725,21102.46
2025-06-01,105,Cloreto de Potássio,7.957,28290.72
2025-07-01,105,NPK,4.945,16455.84
2025-08-01,105,NPK,4.65,14850.56
2025-09-01,105,NPK,30.663,99120.24
2025-10-01,105,Superfosfato Simples,29.522,59859.6
2025-11-01,105,Cloreto de Potássio,42.373,152292.31
2025-12-01,105,Cloreto de Potássio,6.365,23092.6
2022-01-01,106,NPK,8.696,28787.21
2022-02-01,106,Cloreto de Potássio,15.209,56831.94
2022-07-01,106,Cloreto de Potássio,20.673,74469.88
2022-09-01,106,Cloreto de Potássio,15.487,56920.46
2022-10-01,106,Ureia,78.692,228251.13
2022-11-01,106,NPK,75.151,233825.98
2022-12-01,106,NPK,74.946,232620.49
2023-01-01,106,Cloreto de Potássio,19.52,68236.73
2023-03-01,106,NPK,17.549,54417.85
2023-05-01,106,Cloreto de Potássio,8.379,29073.54
2023-08-01,106,Cloreto de Potássio,11.727,40644.33
2023-09-01,106,Ureia,22.078,59815.43
2023-10-01,106,NPK,67.257,211388.27
2023-11-01,106,NPK,63.295,212102.01
2023-12-01,106,Cloreto de Potássio,73.965,278482.63
2024-09-01,106,Cloreto de Potássio,17.278,62117.06
2024-10-01,106,NPK,56.236,181847.11
2024-11-01,106,NPK,72.138,234218.04
2024-12-01,106,Ureia,63.769,186226.92
2025-01-01,106,NPK,20.667,63958.84
2025-02-01,106,Cloreto de Potássio,16.853,62905.76
2025-08-01,106,NPK,15.408,50861.65
2025-10-01,106,NPK,77.135,257261.55
2025-11-01,106,Ureia,60.613,171871.94
2025-12-01,106,NPK,80.088,264956.55
2022-01-01,107,Superfosfato Simples,39.388,81412.87
2022-03-01,107,Ureia,146.616,405803.74
2022-04-01,107,Superfosfato Simples,120.597,254561.82
2022-05-01,107,NPK,27.612,92213.79
2022-07-01,107,Superfosfato Simples,47.674,96697.53
2022-09-01,107,NPK,132.395,421291.44
2022-10-01,107,NPK,25.114,84060.83
2023-01-01,107,Ureia,32.594,89528.92
2023-03-01,107,Superfosfato Simples,130.653,280407.35
2023-04-01,107,NPK,155.943,505234.24
2023-05-01,107,Ureia,47.053,127272.85
2023-06-01,107,Superfosfato Simples,27.506,56177.65
2023-09-01,107,Ureia,162.501,441130.77
2023-11-01,107,Superfosfato Simples,38.735,83970.28
2023-12-01,107,Superfosfato Simples,22.151,48607.31
2024-01-01,107,Superfosfato Simples,26.113,55464.67
2024-02-01,107,NPK,48.092,160215.6
2024-03-01,107,NPK,165.6,554628.44
2024-04-01,107,Superfosfato Simples,172.416,366740.1
2024-06-01,107,Ureia,20.042,58774.53
2024-07-01,107,Ureia,43.668,119148.16
2024-09-01,107,Superfosfato Simples,200.901,424500.69
2024-10-01,107,Superfosfato Simples,35.097,73235.09
2024-11-01,107,Ureia,31.264,86082.12
2025-03-01,107,Ureia,141.398,393627.0
2025-04-01,107,Ureia,133.724,385216.27
2025-05-01,107,NPK,48.088,157065.51
2025-06-01,107,NPK,44.373,143466.36
2025-09-01,107,Superfosfato Simples,179.561,393563.71
2025-11-01,107,Ureia,27.237,78109.51
2022-01-01,108,NPK,15.938,50922.21
2022-03-01,108,NPK,57.504,181357.6
2022-04-01,108,Superfosfato Simples,72.457,149142.64
2022-05-01,108,NPK,11.686,37854.9
2022-06-01,108,Ureia,15.093,41683.82
2022-08-01,108,Superfosfato Simples,12.181,25423.25
2022-09-01,108,Superfosfato Simples,63.628,133436.78
2023-03-01,108,Ureia,55.362,162502.36
2023-04-01,108,Superfosfato Simples,60.474,126563.21
2023-08-01,108,Superfosfato Simples,15.598,32625.16
2023-09-01,108,Ureia,62.231,181082.52
2024-01-01,108,Superfosfato Simples,16.355,33182.34
2024-03-01,108,Ureia,65.025,178301.27
2024-04-01,108,Superfosfato Simples,72.67,149912.82
2024-05-01,108,Ureia,20.075,59013.31
2024-06-01,108,Ureia,14.703,41282.02
2024-09-01,108,NPK,51.139,161829.91
2024-12-01,108,NPK,17.316,57715.12
2025-03-01,108,Ureia,49.804,139256.33
2025-04-01,108,Superfosfato Simples,73.639,152480.58
2025-06-01,108,Superfosfato Simples,11.272,23755.98
2025-07-01,108,Ureia,17.88,51216.35
2025-08-01,108,Ureia,14.797,41812.91
2025-09-01,108,NPK,80.324,257436.56
2025-10-01,108,NPK,7.769,24792.01
2025-11-01,108,NPK,8.135,26449.27
2025-12-01,108,Superfosfato Simples,16.824,35259.62
2022-01-01,109,Superfosfato Simples,35.93,79057.62
2022-03-01,109,Superfosfato Simples,143.73,300113.95
2022-04-01,109,Ureia,138.332,383246.91
2022-05-01,109,Ureia,45.811,124417.31
2022-06-01,109,Ureia,37.262,108093.12
2022-07-01,109,NPK,41.009,136481.08
2022-09-01,109,NPK,114.977,375818.03
2022-11-01,109,NPK,32.561,101969.88
2023-02-01,109,NPK,19.87,62915.66
2023-03-01,109,Ureia,144.199,389392.99
2023-04-01,109,NPK,152.647,504408.91
2023-06-01,109,NPK,21.039,70682.8
2023-07-01,109,Superfosfato Simples,26.126,55698.82
2023-09-01,109,NPK,131.444,413719.16
2023-11-01,109,NPK,24.645,79187.55
2024-03-01,109,NPK,156.485,524201.32
2024-04-01,109,Superfosfato Simples,126.498,255710.71
2024-06-01,109,NPK,29.167,96180.64
2024-07-01,109,Superfosfato Simples,21.605,44736.54
2024-09-01,109,NPK,157.253,493447.93
2024-11-01,109,Ureia,33.597,91311.28
2025-02-01,109,NPK,33.575,109852.62
2025-03-01,109,NPK,144.143,468266.22
2025-04-01,109,Ureia,129.705,357829.44
2025-05-01,109,Superfosfato Simples,21.545,46754.57
2025-07-01,109,Ureia,39.954,115053.31
2025-08-01,109,Superfosfato Simples,17.376,38254.9
2025-09-01,109,Superfosfato Simples,147.599,301126.17
2025-10-01,109,NPK,22.638,72439.28
2025-11-01,109,NPK,18.578,57793.45
2025-12-01,109,Superfosfato Simples,43.762,94940.17
2022-02-01,110,Superfosfato Simples,13.025,26876.86
2022-03-01,110,Cloreto de Potássio,13.605,48542.82
2022-04-01,110,NPK,9.774,31323.98
2022-06-01,110,Superfosfato Simples,7.918,16224.32
2022-08-01,110,Cloreto de Potássio,11.539,43163.74
2022-09-01,110,Cloreto de Potássio,48.03,166725.4
2022-10-01,110,Cloreto de Potássio,51.232,187894.08
2022-11-01,110,Superfosfato Simples,43.62,89138.62
2023-01-01,110,NPK,7.429,24821.63
2023-02-01,110,Superfosfato Simples,8.569,18458.94
2023-04-01,110,Cloreto de Potássio,14.306,51473.53
2023-05-01,110,Cloreto de Potássio,12.506,45834.5
2023-06-01,110,NPK,6.792,22562.15
2023-07-01,110,NPK,8.754,29155.63
2023-09-01,110,NPK,39.604,128583.94
2023-10-01,110,NPK,44.595,140270.0
2023-11-01,110,Cloreto de Potássio,50.557,184698.74
2023-12-01,110,Superfosfato Simples,8.325,18088.74
2024-02-01,110,Cloreto de Potássio,8.63,29858.32
2024-03-01,110,Superfosfato Simples,15.492,31535.91
2024-05-01,110,Superfosfato Simples,10.295,22515.63
2024-06-01,110,Cloreto de Potássio,8.651,30610.9
2024-07-01,110,NPK,8.969,29686.0
2024-09-01,110,NPK,50.017,160496.15
2024-10-01,110,Superfosfato Simples,52.833,107581.3
2024-11-01,110,Superfosfato Simples,55.666,119266.57
2025-01-01,110,Superfosfato Simples,7.404,15643.62
2025-05-01,110,Superfosfato Simples,13.244,27987.74
2025-07-01,110,Cloreto de Potássio,11.874,42887.96
2025-08-01,110,Cloreto de Potássio,13.396,49252.43
2025-09-01,110,NPK,43.818,145485.06
2025-10-01,110,Cloreto de Potássio,63.416,233763.62
2025-11-01,110,NPK,41.186,136387.96
2025-12-01,110,NPK,11.218,35231.49
2022-01-01,111,Cloreto de Potássio,4.461,16370.48
2022-04-01,111,NPK,10.368,33394.49
2022-07-01,111,NPK,9.357,28865.38
2022-10-01,111,NPK,25.889,84688.08
2022-11-01,111,NPK,31.615,97533.83
2022-12-01,111,Cloreto de Potássio,28.931,106279.69
2023-01-01,111,Ureia,9.456,25707.73
2023-03-01,111,NPK,5.126,16173.37
2023-04-01,111,Ureia,5.641,16086.83
2023-05-01,111,NPK,4.549,15004.5
2023-07-01,111,NPK,9.351,29251.39
2023-09-01,111,NPK,8.601,26508.65
2023-10-01,111,NPK,31.893,102173.33
2023-11-01,111,NPK,41.765,132753.26
2023-12-01,111,Cloreto de Potássio,43.034,156928.55
2024-04-01,111,Cloreto de Potássio,7.868,28185.84
2024-07-01,111,NPK,6.638,21747.28
2024-08-01,111,Ureia,11.362,30545.6
2024-10-01,111,Cloreto de Potássio,32.018,113443.36
2024-11-01,111,Cloreto de Potássio,33.499,115935.83
2024-12-01,111,Ureia,41.796,116768.08
2025-02-01,111,Cloreto de Potássio,7.222,26414.27
2025-04-01,111,Cloreto de Potássio,9.894,35583.15
2025-05-01,111,Ureia,10.805,30484.61
2025-06-01,111,NPK,9.329,29636.89
2025-08-01,111,NPK,5.398,17467.78
2025-09-01,111,NPK,4.402,13551.19
2025-10-01,111,Cloreto de Potássio,29.392,108854.33
2025-11-01,111,Cloreto de Potássio,36.647,132849.79
2025-12-01,111,Ureia,40.19,108179.52
2022-01-01,112,Superfosfato Simples,2.535,5287.13
2022-07-01,112,Superfosfato Simples,2.582,5249.34
2022-08-01,112,NPK,2.61,8607.28
2022-09-01,112,Superfosfato Simples,10.84,22983.18
2022-10-01,112,Superfosfato Simples,11.711,24500.95
2022-11-01,112,NPK,10.126,31518.02
2022-12-01,112,Cloreto de Potássio,2.331,8096.26
2023-01-01,112,Superfosfato Simples,4.397,9472.18
2023-04-01,112,Cloreto de Potássio,2.27,8458.1
2023-09-01,112,Cloreto de Potássio,12.289,44449.44
2023-10-01,112,Superfosfato Simples,10.337,20936.65
2023-11-01,112,Superfosfato Simples,12.843,28072.38
2024-01-01,112,NPK,2.562,8075.92
2024-02-01,112,Superfosfato Simples,4.149,8843.53
2024-03-01,112,NPK,3.679,11396.15
2024-05-01,112,Superfosfato Simples,3.428,7080.48
2024-08-01,112,Superfosfato Simples,1.872,4100.94
2024-09-01,112,Cloreto de Potássio,14.524,50505.11
2024-10-01,112,Superfosfato Simples,16.325,35064.87
2024-11-01,112,Superfosfato Simples,14.405,30052.73
2025-03-01,112,Cloreto de Potássio,4.36,15330.81
2025-05-01,112,Cloreto de Potássio,3.36,11670.12
2025-06-01,112,NPK,1.881,6217.05
2025-07-01,112,Cloreto de Potássio,3.033,10734.04
2025-08-01,112,Superfosfato Simples,3.853,8185.65
2025-09-01,112,Superfosfato Simples,13.059,27050.2
2025-10-01,112,Superfosfato Simples,14.182,29989.82
2025-11-01,112,NPK,13.23,43939.2
2022-03-01,113,Cloreto de Potássio,6.624,23081.6
2022-04-01,113,Ureia,7.129,19525.98
2022-08-01,113,Ureia,6.102,16471.99
2022-10-01,113,NPK,26.531,86734.23
2022-11-01,113,NPK,22.334,74854.55
2022-12-01,113,Ureia,29.718,81799.4
2023-01-01,113,NPK,6.964,22237.13
2023-03-01,113,Cloreto de Potássio,7.91,28437.1
2023-06-01,113,Cloreto de Potássio,8.804,31862.51
2023-08-01,113,Cloreto de Potássio,4.329,16320.21
2023-10-01,113,Ureia,30.74,85216.39
2023-11-01,113,Ureia,24.961,71527.78
2023-12-01,113,Ureia,24.416,67798.71
2024-05-01,113,Ureia,6.233,18171.58
2024-08-01,113,Cloreto de Potássio,4.189,14615.24
2024-10-01,113,Ureia,35.048,101088.42
2024-11-01,113,Cloreto de Potássio,28.735,99485.95
2024-12-01,113,Ureia,23.458,67086.55
2025-02-01,113,Cloreto de Potássio,3.597,13154.94
2025-03-01,113,Ureia,5.251,15039.15
2025-10-01,113,Cloreto de Potássio,26.566,94887.9
2025-11-01,113,Ureia,29.041,83620.82
2025-12-01,113,Ureia,26.573,72171.48
2022-02-01,114,Cloreto de Potássio,6.136,22570.59
2022-03-01,114,Ureia,8.246,22231.72
2022-05-01,114,Cloreto de Potássio,8.453,29737.39
2022-07-01,114,Cloreto de Potássio,4.516,16470.41
2022-10-01,114,NPK,35.043,108137.99
2022-11-01,114,Cloreto de Potássio,43.237,158141.11
2022-12-01,114,NPK,47.809,149667.98
2023-01-01,114,NPK,5.055,16894.08
2023-02-01,114,Cloreto de Potássio,7.71,29074.61
2023-06-01,114,Cloreto de Potássio,4.812,17155.39
2023-07-01,114,Ureia,12.397,34404.39
2023-08-01,114,Ureia,11.864,32328.45
2023-10-01,114,Ureia,28.402,80419.91
2023-11-01,114,Ureia,41.032,116200.19
2023-12-01,114,Cloreto de Potássio,49.89,173370.14
2024-02-01,114,Cloreto de Potássio,7.453,27919.85
2024-03-01,114,NPK,8.817,28905.63
2024-04-01,114,Ureia,9.88,27321.19
2024-05-01,114,NPK,13.259,40742.26
2024-08-01,114,NPK,5.532,17250.3
2024-10-01,114,Ureia,31.131,86136.43
2024-11-01,114,Ureia,32.401,87957.49
2024-12-01,114,NPK,37.311,121364.78
2025-01-01,114,NPK,9.802,32339.85
2025-03-01,114,NPK,5.446,17626.19
2025-04-01,114,NPK,12.694,40298.08
2025-06-01,114,Cloreto de Potássio,9.793,34648.24
2025-08-01,114,Ureia,5.417,14861.14
2025-10-01,114,Cloreto de Potássio,45.506,162200.76
2025-11-01,114,Ureia,52.969,152448.37
2025-12-01,114,Cloreto de Potássio,49.567,178548.85
2022-01-01,115,Superfosfato Simples,7.279,15688.3
2022-02-01,115,NPK,4.819,16126.96
2022-04-01,115,Superfosfato Simples,8.643,17655.38
2022-09-01,115,Superfosfato Simples,24.635,50251.2
2022-10-01,115,Cloreto de Potássio,30.039,112008.24
2022-11-01,115,NPK,25.988,81189.33
2023-01-01,115,Superfosfato Simples,4.084,8742.98
2023-03-01,115,Superfosfato Simples,5.759,12600.48
2023-04-01,115,Cloreto de Potássio,7.302,25487.48
2023-09-01,115,Cloreto de Potássio,30.704,111773.24
2023-10-01,115,NPK,31.074,101759.44
2023-11-01,115,NPK,23.928,78391.55
2023-12-01,115,Cloreto de Potássio,8.395,30468.25
2024-01-01,115,Superfosfato Simples,6.464,14227.57
2024-02-01,115,Cloreto de Potássio,4.635,17368.95
2024-03-01,115,Cloreto de Potássio,5.469,20435.79
2024-04-01,115,Superfosfato Simples,8.462,18265.27
2024-07-01,115,Superfosfato Simples,7.012,15364.21
2024-08-01,115,NPK,4.545,14292.05
2024-09-01,115,Cloreto de Potássio,26.445,97004.65
2024-10-01,115,Superfosfato Simples,35.198,75933.67
2024-11-01,115,Cloreto de Potássio,26.326,95906.59
2024-12-01,115,Superfosfato Simples,7.742,16525.77
2025-05-01,115,NPK,7.142,22208.82
2025-08-01,115,Cloreto de Potássio,6.947,25624.59
2025-09-01,115,NPK,25.569,82254.49
2025-10-01,115,Cloreto de Potássio,31.394,111075.83
2025-11-01,115,NPK,27.152,86104.34
2025-12-01,115,Cloreto de Potássio,5.16,18601.34
2022-02-01,116,NPK,8.732,28544.3
2022-03-01,116,Superfosfato Simples,11.175,24394.73
2022-04-01,116,Cloreto de Potássio,10.253,38308.5
2022-06-01,116,NPK,9.962,30945.63
2022-07-01,116,Superfosfato Simples,7.05,14933.94
2022-09-01,116,NPK,40.331,130488.4
2022-10-01,116,NPK,41.488,132467.13
2022-11-01,116,Cloreto de Potássio,28.091,102153.66
2023-01-01,116,Cloreto de Potássio,12.387,46638.43
2023-02-01,116,Cloreto de Potássio,4.643,17445.03
2023-09-01,116,Superfosfato Simples,42.41,85788.54
2023-10-01,116,NPK,47.152,154151.16
2023-11-01,116,NPK,39.216,126881.61
2024-02-01,116,NPK,5.682,18085.68
2024-04-01,116,Cloreto de Potássio,5.999,21153.24
2024-07-01,116,Superfosfato Simples,7.802,16201.52
2024-08-01,116,Superfosfato Simples,5.568,11894.63
2024-09-01,116,Cloreto de Potássio,49.651,186862.66
2024-10-01,116,NPK,44.66,146712.24
2024-11-01,116,NPK,45.102,147962.26
2024-12-01,116,Superfosfato Simples,10.945,23477.35
2025-06-01,116,NPK,14.466,48143.16
2025-07-01,116,NPK,7.451,23449.0
2025-09-01,116,NPK,51.158,158299.93
2025-10-01,116,Superfosfato Simples,44.62,94415.09
2025-11-01,116,Superfosfato Simples,39.407,81433.67
2025-12-01,116,Superfosfato Simples,11.128,23619.65
2022-04-01,117,Cloreto de Potássio,15.127,55816.29
2022-05-01,117,NPK,13.896,44131.22
2022-09-01,117,Superfosfato Simples,54.556,116116.35
2022-10-01,117,NPK,53.382,170614.29
2022-11-01,117,NPK,52.241,165648.8
2023-02-01,117,Superfosfato Simples,12.414,27178.28
2023-06-01,117,Cloreto de Potássio,11.146,40599.66
2023-08-01,117,NPK,8.055,24776.39
2023-09-01,117,NPK,54.723,173907.92
2023-10-01,117,Cloreto de Potássio,60.039,211027.24
2023-11-01,117,NPK,44.463,149366.18
2023-12-01,117,NPK,12.357,40781.56
2024-04-01,117,NPK,13.902,44519.87
2024-06-01,117,Superfosfato Simples,9.568,20923.24
2024-08-01,117,Superfosfato Simples,13.235,28737.8
2024-09-01,117,NPK,55.334,171251.39
2024-10-01,117,Superfosfato Simples,55.225,114264.99
2024-11-01,117,Superfosfato Simples,42.077,87048.86
2024-12-01,117,Cloreto de Potássio,11.12,39366.61
2025-01-01,117,NPK,13.221,41043.0
2025-03-01,117,Superfosfato Simples,16.427,33195.43
2025-05-01,117,NPK,16.119,53718.53
2025-09-01,117,NPK,54.995,176357.57
2025-10-01,117,Superfosfato Simples,47.289,102729.75
2025-11-01,117,Cloreto de Potássio,63.293,235459.73
2025-12-01,117,Cloreto de Potássio,14.171,50469.4
2022-02-01,118,NPK,17.567,58298.28
2022-03-01,118,NPK,104.874,327800.14
2022-04-01,118,Ureia,140.125,380890.38
2022-07-01,118,Ureia,30.714,88465.29
2022-09-01,118,Ureia,127.05,370595.34
2022-12-01,118,NPK,22.584,70522.85
2023-01-01,118,Superfosfato Simples,29.642,63294.29
2023-03-01,118,NPK,111.122,372293.34
2023-04-01,118,Superfosfato Simples,137.983,295982.55
2023-05-01,118,Superfosfato Simples,18.047,39012.06
2023-07-01,118,Superfosfato Simples,20.766,42548.37
2023-09-01,118,Ureia,162.713,469431.62
2024-02-01,118,Ureia,26.364,74528.63
2024-03-01,118,NPK,136.903,444504.15
2024-04-01,118,Superfosfato Simples,143.251,310641.08
2024-05-01,118,Ureia,19.287,54231.78
2024-08-01,118,Ureia,46.788,136294.52
2024-09-01,118,Ureia,144.338,413663.17
2024-10-01,118,Superfosfato Simples,31.484,66058.66
2024-11-01,118,NPK,24.987,80203.3
2025-01-01,118,Ureia,18.729,54979.02
2025-02-01,118,Superfosfato Simples,18.798,39702.87
2025-03-01,118,NPK,158.865,499643.42
2025-04-01,118,Superfosfato Simples,122.793,267464.54
2025-05-01,118,Superfosfato Simples,37.999,81140.11
2025-07-01,118,Ureia,23.792,68875.59
2025-08-01,118,Superfosfato Simples,41.725,84506.45
2025-09-01,118,Superfosfato Simples,145.412,314871.84
2025-11-01,118,Superfosfato Simples,18.746,37988.3
2022-01-01,119,NPK,8.169,26237.55
2022-03-01,119,Cloreto de Potássio,14.502,52758.07
2022-05-01,119,NPK,6.135,19555.76
2022-07-01,119,Cloreto de Potássio,10.463,37765.39
2022-10-01,119,NPK,52.576,166987.75
2022-11-01,119,NPK,36.463,121851.82
2022-12-01,119,Ureia,46.699,137028.56
2023-03-01,119,Ureia,11.056,29765.63
2023-04-01,119,Cloreto de Potássio,6.408,24190.61
2023-05-01,119,NPK,9.424,29113.91
2023-06-01,119,NPK,11.416,36498.82
2023-09-01,119,Cloreto de Potássio,10.293,37779.11
2023-10-01,119,NPK,35.556,115081.02
2023-11-01,119,Cloreto de Potássio,50.324,180499.35
2023-12-01,119,Ureia,48.256,130153.99
2024-01-01,119,Ureia,8.968,25214.59
2024-04-01,119,Cloreto de Potássio,11.664,41782.39
2024-05-01,119,Cloreto de Potássio,9.409,35455.77
2024-10-01,119,Cloreto de Potássio,59.289,218060.19
2024-11-01,119,Ureia,57.742,158164.57
2024-12-01,119,Ureia,50.723,140546.41
2025-02-01,119,Cloreto de Potássio,12.78,45554.29
2025-06-01,119,Ureia,8.007,22504.03
2025-08-01,119,Ureia,10.871,30536.03
2025-09-01,119,Cloreto de Potássio,5.444,19633.36
2025-10-01,119,Ureia,44.788,125992.93
2025-11-01,119,Ureia,43.679,127572.64
2025-12-01,119,NPK,51.307,163313.73
2022-02-01,120,Ureia,16.796,45245.22
2022-03-01,120,Ureia,109.996,308704.37
2022-04-01,120,NPK,108.598,351285.57
2022-05-01,120,Ureia,38.998,113501.67
2022-06-01,120,NPK,24.293,76186.47
2022-08-01,120,Ureia,31.425,87384.68
2022-09-01,120,NPK,107.899,344316.0
2022-12-01,120,Superfosfato Simples,37.593,80198.07
2023-01-01,120,NPK,29.04,92127.08
2023-03-01,120,NPK,133.122,437847.73
2023-04-01,120,NPK,167.882,551770.17
2023-08-01,120,Superfosfato Simples,30.519,64924.22
2023-09-01,120,Superfosfato Simples,138.05,302958.7
2023-11-01,120,NPK,22.972,76372.65
2024-02-01,120,Ureia,33.663,92390.84
2024-03-01,120,Ureia,140.588,399350.13
2024-04-01,120,Superfosfato Simples,146.523,313917.1
2024-06-01,120,NPK,31.876,98838.89
2024-08-01,120,NPK,44.824,139365.78
2024-09-01,120,NPK,133.987,441000.11
2024-12-01,120,Superfosfato Simples,23.696,51283.97
2025-03-01,120,Ureia,154.685,417246.96
2025-04-01,120,Superfosfato Simples,104.613,219457.81
2025-06-01,120,Superfosfato Simples,20.404,41345.05
2025-08-01,120,Ureia,36.594,100246.27
2025-09-01,120,NPK,154.152,511927.06
2025-11-01,120,Superfosfato Simples,21.461,46013.57
2022-02-01,121,Cloreto de Potássio,7.334,26794.57
2022-03-01,121,Ureia,4.226,11560.93
2022-04-01,121,NPK,4.76,14928.18
2022-07-01,121,Ureia,4.231,11540.93
2022-08-01,121,NPK,3.991,12616.7
2022-10-01,121,NPK,22.043,67834.92
2022-11-01,121,Cloreto de Potássio,22.921,82302.02
2022-12-01,121,Cloreto de Potássio,29.984,107474.15
2023-01-01,121,Cloreto de Potássio,6.76,24049.84
2023-02-01,121,Ureia,4.122,11862.38
2023-03-01,121,NPK,4.145,13505.36
2023-04-01,121,Ureia,5.165,14226.48
2023-05-01,121,NPK,5.036,15695.64
2023-07-01,121,NPK,4.537,15002.68
2023-08-01,121,NPK,4.462,14283.55
2023-10-01,121,NPK,33.971,106305.57
2023-11-01,121,Cloreto de Potássio,25.049,93006.92
2023-12-01,121,Ureia,18.956,52870.57
2024-01-01,121,NPK,4.682,14412.72
2024-05-01,121,Ureia,4.15,11537.13
2024-06-01,121,Ureia,5.458,15509.66
2024-08-01,121,NPK,4.755,14988.06
2024-10-01,121,NPK,24.396,81339.87
2024-11-01,121,Ureia,30.619,88600.62
2024-12-01,121,Ureia,21.184,60768.81
2025-01-01,121,Ureia,3.636,10193.64
2025-02-01,121,NPK,8.236,25516.53
2025-03-01,121,NPK,8.909,28119.39
2025-04-01,121,Cloreto de Potássio,3.788,13598.93
2025-05-01,121,Cloreto de Potássio,7.004,25967.22
2025-07-01,121,Ureia,7.114,20601.15
2025-09-01,121,NPK,8.65,28878.8
2025-10-01,121,Cloreto de Potássio,22.019,77719.9
2025-11-01,121,Cloreto de Potássio,32.209,116210.33
2025-12-01,121,NPK,23.928,74746.41
2022-03-01,122,Cloreto de Potássio,8.27,30612.83
2022-07-01,122,Superfosfato Simples,9.577,19646.85
2022-08-01,122,NPK,10.179,31650.96
2022-09-01,122,Superfosfato Simples,23.454,49313.0
2022-10-01,122,Cloreto de Potássio,29.986,113177.26
2022-11-01,122,Superfosfato Simples,34.516,73590.94
2022-12-01,122,Cloreto de Potássio,10.055,37535.7
2023-01-01,122,Superfosfato Simples,7.138,15648.27
2023-02-01,122,Superfosfato Simples,6.106,13022.02
2023-03-01,122,NPK,4.669,15007.42
2023-09-01,122,NPK,28.255,86974.02
2023-10-01,122,NPK,34.535,109828.07
2023-11-01,122,Cloreto de Potássio,29.513,107649.18
2023-12-01,122,NPK,8.6,28252.13
2024-04-01,122,NPK,5.68,17947.45
2024-05-01,122,Cloreto de Potássio,7.265,25135.48
2024-07-01,122,Superfosfato Simples,3.759,7846.36
2024-09-01,122,Cloreto de Potássio,31.83,111958.43
2024-10-01,122,Superfosfato Simples,35.78,76879.64
2024-11-01,122,Superfosfato Simples,28.229,58025.82
2024-12-01,122,NPK,7.457,23483.48
2025-05-01,122,NPK,6.931,23060.25
2025-08-01,122,Superfosfato Simples,4.958,10674.82
2025-09-01,122,NPK,29.602,91545.51
2025-10-01,122,Cloreto de Potássio,44.17,155776.58
2025-11-01,122,Superfosfato Simples,27.781,59687.86
2022-03-01,123,Superfosfato Simples,7.735,16650.32
2022-04-01,123,Cloreto de Potássio,14.939,51997.03
2022-05-01,123,Superfosfato Simples,11.659,24719.2
2022-09-01,123,NPK,61.28,189021.81
2022-10-01,123,NPK,60.407,197824.42
2022-11-01,123,NPK,49.615,154943.31
2023-01-01,123,Superfosfato Simples,7.533,15608.06
2023-02-01,123,Superfosfato Simples,16.967,34698.2
2023-07-01,123,Superfosfato Simples,7.666,15928.03
2023-08-01,123,Cloreto de Potássio,6.731,24898.14
2023-09-01,123,NPK,66.215,218565.68
2023-10-01,123,Cloreto de Potássio,52.525,189052.56
2023-11-01,123,Cloreto de Potássio,53.195,192817.67
2023-12-01,123,Cloreto de Potássio,17.584,66158.34
2024-03-01,123,NPK,13.982,44145.42
2024-05-01,123,NPK,14.486,45247.96
2024-08-01,123,Cloreto de Potássio,6.529,23689.4
2024-09-01,123,Superfosfato Simples,58.918,124186.06
2024-10-01,123,Superfosfato Simples,62.126,135412.56
2024-11-01,123,Cloreto de Potássio,50.791,178058.49
2024-12-01,123,Superfosfato Simples,13.515,27955.54
2025-01-01,123,Superfosfato Simples,7.234,14856.04
2025-02-01,123,Cloreto de Potássio,6.492,23324.51
2025-04-01,123,NPK,7.709,24454.31
2025-09-01,123,Cloreto de Potássio,46.207,169150.24
2025-10-01,123,NPK,50.343,167503.91
2025-11-01,123,NPK,69.21,231256.32
2025-12-01,123,Superfosfato Simples,8.421,17248.76
2022-01-01,124,Cloreto de Potássio,13.118,47027.86
2022-02-01,124,Cloreto de Potássio,7.892,29661.88
2022-03-01,124,NPK,8.208,27299.97
2022-05-01,124,NPK,14.604,45765.62
2022-07-01,124,NPK,6.838,22745.8
2022-08-01,124,Cloreto de Potássio,16.954,59565.48
2022-09-01,124,Superfosfato Simples,50.191,104075.5
2022-10-01,124,NPK,53.996,168828.38
2022-11-01,124,NPK,61.633,205313.07
2022-12-01,124,Superfosfato Simples,8.135,17524.22
2023-02-01,124,NPK,11.713,37764.66
2023-04-01,124,Cloreto de Potássio,15.151,57038.43
2023-07-01,124,Cloreto de Potássio,11.345,42242.76
2023-09-01,124,Superfosfato Simples,64.271,130790.54
2023-10-01,124,NPK,56.166,182589.88
2023-11-01,124,Cloreto de Potássio,54.066,188897.76
2023-12-01,124,Superfosfato Simples,13.605,28505.07
2024-01-01,124,Cloreto de Potássio,13.937,49746.47
2024-03-01,124,Superfosfato Simples,7.003,14317.48
2024-06-01,124,NPK,10.761,34953.35
2024-08-01,124,Cloreto de Potássio,7.981,29177.14
2024-09-01,124,NPK,64.171,203480.3
2024-10-01,124,Cloreto de Potássio,47.645,174359.78
2024-11-01,124,Cloreto de Potássio,44.354,166028.4
2024-12-01,124,Superfosfato Simples,13.251,27904.07
2025-01-01,124,Cloreto de Potássio,11.676,40590.32
2025-03-01,124,Superfosfato Simples,12.461,26962.73
2025-05-01,124,Superfosfato Simples,12.613,26900.57
2025-06-01,124,Superfosfato Simples,10.324,21190.83
2025-07-01,124,Cloreto de Potássio,11.983,43207.13
2025-09-01,124,Cloreto de Potássio,62.704,220895.38
2025-10-01,124,Superfosfato Simples,64.54,131415.61
2025-11-01,124,Superfosfato Simples,58.569,118384.55
2022-01-01,125,Cloreto de Potássio,19.301,70706.57
2022-02-01,125,NPK,29.234,97930.32
2022-04-01,125,NPK,2.816,8682.45
2022-06-01,125,Cloreto de Potássio,6.299,22134.95
2022-09-01,125,Ureia,25.511,72149.78
2022-11-01,125,NPK,7.368,23658.28
2022-12-01,125,Cloreto de Potássio,5.009,18507.02
2023-01-01,125,Ureia,23.684,66965.08
2023-02-01,125,Ureia,25.482,69454.84
2023-03-01,125,Ureia,7.261,19518.72
2023-07-01,125,Cloreto de Potássio,3.576,12771.0
2023-09-01,125,NPK,31.624,99815.52
2023-10-01,125,NPK,6.115,20508.97
2023-11-01,125,NPK,6.869,22228.16
2024-01-01,125,Ureia,26.062,74347.44
2024-02-01,125,Cloreto de Potássio,23.542,87491.05
2024-04-01,125,Cloreto de Potássio,3.782,13221.16
2024-06-01,125,Ureia,4.835,13729.3
2024-07-01,125,NPK,4.602,15402.67
2024-08-01,125,NPK,8.049,25108.63
2024-09-01,125,Ureia,29.018,78854.7
2024-10-01,125,NPK,5.85,18201.89
2024-11-01,125,Ureia,6.257,17015.73
2025-01-01,125,Cloreto de Potássio,24.915,91433.31
2025-02-01,125,NPK,22.45,70953.3
2025-03-01,125,NPK,4.287,13629.41
2025-07-01,125,NPK,7.188,22094.18
2025-08-01,125,Cloreto de Potássio,7.547,26932.63
2025-09-01,125,Cloreto de Potássio,22.229,77229.32
2025-10-01,125,Ureia,5.131,14995.3
2025-12-01,125,Cloreto de Potássio,5.854,20503.01
2022-01-01,126,Cloreto de Potássio,7.912,28718.09
2022-06-01,126,Superfosfato Simples,7.882,16886.11
2022-08-01,126,NPK,5.786,18451.27
2022-09-01,126,Cloreto de Potássio,43.731,159847.44
2022-10-01,126,NPK,33.31,107404.06
2022-11-01,126,Superfosfato Simples,38.739,78776.88
2023-03-01,126,NPK,9.064,28621.38
2023-04-01,126,Cloreto de Potássio,10.852,37898.78
2023-05-01,126,Cloreto de Potássio,7.735,28492.29
2023-06-01,126,Superfosfato Simples,7.554,15518.94
2023-09-01,126,NPK,36.856,118845.75
2023-10-01,126,NPK,40.399,132114.98
2023-11-01,126,Superfosfato Simples,35.427,77985.32
2024-05-01,126,Cloreto de Potássio,5.392,19583.91
2024-08-01,126,Cloreto de Potássio,6.223,21872.72
2024-09-01,126,Cloreto de Potássio,37.037,137980.65
2024-10-01,126,NPK,33.422,107317.97
2024-11-01,126,NPK,44.91,144584.27
2024-12-01,126,NPK,7.645,24129.54
2025-01-01,126,Cloreto de Potássio,9.104,33653.0
2025-02-01,126,NPK,9.228,30971.36
2025-04-01,126,Cloreto de Potássio,5.872,21984.33
2025-05-01,126,Cloreto de Potássio,8.955,31101.26
2025-06-01,126,NPK,8.422,26144.45
2025-08-01,126,Superfosfato Simples,8.668,18958.81
2025-09-01,126,Cloreto de Potássio,48.182,169072.91
2025-10-01,126,Cloreto de Potássio,44.484,163300.63
2025-11-01,126,Superfosfato Simples,35.198,72920.36
2022-01-01,127,NPK,49.023,159341.66
2022-02-01,127,Cloreto de Potássio,49.679,183347.3
2022-03-01,127,NPK,7.965,26358.41
2022-04-01,127,NPK,7.328,24103.4
2022-08-01,127,Cloreto de Potássio,5.299,19315.67
2022-09-01,127,Cloreto de Potássio,43.806,163397.08
2022-10-01,127,Cloreto de Potássio,10.36,36433.64
2022-11-01,127,NPK,12.113,37261.33
2023-01-01,127,NPK,39.479,131801.7
2023-02-01,127,Ureia,48.078,134388.32
2023-03-01,127,Cloreto de Potássio,6.466,22566.07
2023-09-01,127,Ureia,39.091,110771.65
2023-10-01,127,Ureia,13.334,36766.18
2023-11-01,127,Ureia,9.934,28549.8
2023-12-01,127,Cloreto de Potássio,13.085,47650.42
2024-01-01,127,NPK,50.348,161455.31
2024-02-01,127,Cloreto de Potássio,31.619,118100.37
2024-03-01,127,NPK,8.882,27514.27
2024-04-01,127,Ureia,7.239,20834.89
2024-06-01,127,Ureia,11.361,30900.64
2024-08-01,127,Cloreto de Potássio,5.759,20052.04
2024-09-01,127,Ureia,39.316,114130.95
2024-10-01,127,NPK,7.414,23522.2
2025-01-01,127,NPK,44.967,148840.29
2025-02-01,127,Cloreto de Potássio,50.845,177746.87
2025-09-01,127,Cloreto de Potássio,53.761,194440.92
2025-12-01,127,Cloreto de Potássio,5.669,20915.68
2022-01-01,128,NPK,52.026,163449.79
2022-02-01,128,Cloreto de Potássio,63.14,225041.8
2022-04-01,128,Ureia,16.779,46652.55
2022-05-01,128,Cloreto de Potássio,11.106,39585.31
2022-08-01,128,Ureia,12.702,34467.11
2022-09-01,128,Cloreto de Potássio,51.13,186867.67
2022-10-01,128,NPK,17.671,56759.5
2022-12-01,128,Cloreto de Potássio,12.622,45168.33
2023-01-01,128,NPK,50.635,158133.19
2023-02-01,128,NPK,51.644,159672.0
2023-03-01,128,Ureia,10.424,29657.43
2023-04-01,128,Ureia,17.352,48105.99
2023-05-01,128,NPK,13.604,41959.39
2023-09-01,128,NPK,53.912,180835.79
2024-01-01,128,Cloreto de Potássio,63.902,238906.92
2024-02-01,128,NPK,51.426,164694.17
2024-04-01,128,Ureia,14.955,42367.32
2024-05-01,128,NPK,7.438,24338.7
2024-06-01,128,Cloreto de Potássio,15.213,57110.16
2024-07-01,128,NPK,9.066,30301.14
2024-09-01,128,NPK,72.705,225692.54
2024-10-01,128,Cloreto de Potássio,17.928,66307.64
2024-12-01,128,Ureia,7.964,21449.93
2025-01-01,128,Cloreto de Potássio,79.186,298941.3
2025-02-01,128,NPK,73.392,241855.26
2025-03-01,128,Ureia,7.183,20377.04
2025-04-01,128,Ureia,18.241,51552.55
2025-06-01,128,Ureia,17.816,48852.21
2025-09-01,128,Ureia,46.302,132831.18
2025-10-01,128,NPK,13.523,42294.32
2025-11-01,128,Ureia,19.695,55644.83
2022-02-01,129,Ureia,38.204,109000.31
2022-03-01,129,Ureia,105.282,299214.15
2022-04-01,129,NPK,120.461,374703.31
2022-08-01,129,Superfosfato Simples,24.676,51015.88
2022-09-01,129,NPK,107.973,362721.82
2022-11-01,129,Superfosfato Simples,15.063,32121.06
2023-01-01,129,Superfosfato Simples,17.56,38560.89
2023-03-01,129,Ureia,129.384,372055.47
2023-04-01,129,Superfosfato Simples,151.544,317166.31
2023-07-01,129,Ureia,34.976,96568.12
2023-09-01,129,Ureia,140.045,382524.88
2023-12-01,129,Superfosfato Simples,13.517,28352.94
2024-01-01,129,Ureia,18.638,52664.11
2024-03-01,129,Ureia,114.66,330715.8
2024-04-01,129,Ureia,91.81,255829.74
2024-05-01,129,NPK,27.92,87351.04
2024-06-01,129,NPK,24.578,78871.52
2024-09-01,129,Superfosfato Simples,109.463,240656.23
2024-12-01,129,Ureia,16.614,47398.01
2025-03-01,129,Superfosfato Simples,113.768,230243.39
2025-04-01,129,Superfosfato Simples,132.714,277329.95
2025-07-01,129,Superfosfato Simples,21.756,47040.53
2025-08-01,129,Ureia,36.882,104431.71
2025-09-01,129,Ureia,137.791,386839.71
2022-02-01,130,NPK,20.635,68482.75
2022-03-01,130,NPK,76.189,237217.25
2022-04-01,130,NPK,66.511,207790.48
2022-05-01,130,Superfosfato Simples,10.695,23408.36
2022-06-01,130,Superfosfato Simples,7.82,16981.93
2022-07-01,130,Superfosfato Simples,13.609,27493.88
2022-08-01,130,NPK,14.254,44175.71
2022-09-01,130,Ureia,82.068,234073.49
2022-10-01,130,Superfosfato Simples,12.341,25191.86
2022-11-01,130,Superfosfato Simples,18.959,39478.19
2023-03-01,130,Superfosfato Simples,73.8,156890.87
2023-04-01,130,NPK,76.275,246189.91
2023-06-01,130,Superfosfato Simples,12.57,27443.39
2023-08-01,130,Superfosfato Simples,21.27,45591.69
2023-09-01,130,Ureia,59.737,174239.65
2024-02-01,130,Ureia,15.336,44997.87
2024-03-01,130,NPK,54.911,178486.93
2024-04-01,130,NPK,68.724,211983.32
2024-06-01,130,Ureia,21.463,59818.36
2024-07-01,130,NPK,18.851,63228.86
2024-09-01,130,NPK,65.248,218191.28
2025-01-01,130,Ureia,14.033,38244.2
2025-02-01,130,Ureia,12.325,35438.78
2025-03-01,130,Ureia,82.062,238495.76
2025-04-01,130,Ureia,68.005,195845.11
2025-09-01,130,NPK,89.113,285392.39
2025-10-01,130,Superfosfato Simples,15.87,33708.81
2025-11-01,130,Ureia,21.667,60458.75
2022-01-01,131,Superfosfato Simples,7.042,15198.83
2022-02-01,131,Cloreto de Potássio,6.944,24451.9
2022-04-01,131,Superfosfato Simples,7.393,15919.77
2022-05-01,131,Superfosfato Simples,6.283,13610.77
2022-08-01,131,Superfosfato Simples,3.813,7993.47
2022-09-01,131,NPK,32.077,99008.57
2022-10-01,131,Superfosfato Simples,34.163,72198.19
2022-11-01,131,NPK,27.616,91917.42
2022-12-01,131,NPK,4.365,14067.25
2023-03-01,131,Cloreto de Potássio,7.042,25480.8
2023-04-01,131,NPK,8.161,25515.08
2023-06-01,131,Cloreto de Potássio,3.142,11635.12
2023-09-01,131,Superfosfato Simples,26.377,56203.13
2023-10-01,131,Superfosfato Simples,25.225,52156.75
2023-11-01,131,Superfosfato Simples,26.276,53238.94
2024-02-01,131,Superfosfato Simples,7.845,16957.19
2024-03-01,131,NPK,6.622,21587.42
2024-05-01,131,NPK,8.386,28082.7
2024-09-01,131,Superfosfato Simples,33.123,68809.06
2024-10-01,131,Cloreto de Potássio,22.568,82654.04
2024-11-01,131,NPK,23.67,75062.28
2025-03-01,131,NPK,9.223,29798.39
2025-06-01,131,Superfosfato Simples,9.034,19876.52
2025-09-01,131,NPK,33.833,112542.44
2025-10-01,131,NPK,24.15,74573.99
2025-11-01,131,NPK,25.262,78534.57
2022-04-01,132,NPK,15.049,48691.43
2022-05-01,132,NPK,11.822,36743.09
2022-06-01,132,Cloreto de Potássio,9.164,31705.01
2022-07-01,132,Superfosfato Simples,10.541,23070.47
2022-08-01,132,Cloreto de Potássio,10.09,37012.64
2022-09-01,132,Cloreto de Potássio,70.25,265262.21
2022-10-01,132,NPK,59.916,185909.55
2022-11-01,132,Cloreto de Potássio,42.252,152857.07
2022-12-01,132,Superfosfato Simples,12.197,25301.76
2023-01-01,132,Cloreto de Potássio,8.968,31234.79
2023-02-01,132,Cloreto de Potássio,11.438,42334.59
2023-03-01,132,NPK,7.715,24576.45
2023-04-01,132,Superfosfato Simples,12.973,28137.74
2023-05-01,132,NPK,17.81,59102.6
2023-08-01,132,Cloreto de Potássio,17.542,65469.3
2023-09-01,132,Cloreto de Potássio,58.628,217626.82
2023-10-01,132,NPK,50.49,164737.19
2023-11-01,132,Cloreto de Potássio,59.41,205610.55
2024-01-01,132,Superfosfato Simples,15.074,31766.31
2024-05-01,132,Cloreto de Potássio,15.148,55914.95
2024-06-01,132,NPK,15.307,47687.96
2024-08-01,132,Cloreto de Potássio,16.542,58046.13
2024-09-01,132,NPK,54.382,182252.04
2024-10-01,132,Cloreto de Potássio,58.097,212883.27
2024-11-01,132,Superfosfato Simples,43.204,92898.91
2025-02-01,132,NPK,12.802,42488.13
2025-06-01,132,Superfosfato Simples,10.872,23574.73
2025-07-01,132,Cloreto de Potássio,12.245,44448.57
2025-08-01,132,NPK,12.34,39142.82
2025-09-01,132,NPK,44.229,138186.55
2025-10-01,132,Cloreto de Potássio,54.133,190522.6
2025-11-01,132,Superfosfato Simples,58.884,120785.58
2025-12-01,132,Cloreto de Potássio,7.9,28867.09
2022-01-01,133,Ureia,9.192,25858.58
2022-03-01,133,NPK,51.231,158161.72
2022-04-01,133,Superfosfato Simples,32.407,66567.57
2022-05-01,133,Superfosfato Simples,9.876,21613.1
2022-09-01,133,NPK,48.002,158705.55
2022-11-01,133,NPK,8.407,27671.1
2022-12-01,133,Superfosfato Simples,5.612,12117.43
2023-01-01,133,NPK,7.112,23248.54
2023-02-01,133,Superfosfato Simples,10.552,21788.11
2023-03-01,133,Superfosfato Simples,43.621,91787.25
2023-04-01,133,Ureia,48.241,137314.58
2023-06-01,133,Ureia,7.781,22299.99
2023-08-01,133,NPK,10.371,33420.6
2023-09-01,133,NPK,32.058,104010.2
2024-03-01,133,Superfosfato Simples,46.434,97735.52
2024-04-01,133,Ureia,47.615,136110.58
2024-05-01,133,NPK,11.62,37306.74
2024-06-01,133,Ureia,9.995,26968.11
2024-07-01,133,Ureia,9.367,25608.25
2024-09-01,133,Superfosfato Simples,37.618,78442.47
2024-11-01,133,Superfosfato Simples,8.684,17928.58
2024-12-01,133,Ureia,7.34,21350.87
2025-01-01,133,NPK,7.285,23607.07
2025-02-01,133,NPK,9.191,29694.54
2025-03-01,133,Superfosfato Simples,50.477,106266.11
2025-04-01,133,Superfosfato Simples,43.611,90858.28
2025-06-01,133,NPK,8.158,26698.94
2025-07-01,133,Ureia,12.792,36756.81
2025-08-01,133,NPK,14.555,45017.71
2025-09-01,133,Ureia,41.07,114163.21
2025-10-01,133,NPK,14.615,48655.13
2025-12-01,133,Superfosfato Simples,12.319,26088.18
2022-09-01,134,NPK,35.668,117934.3
2022-10-01,134,NPK,29.927,92805.69
2022-11-01,134,Superfosfato Simples,39.527,82411.17
2022-12-01,134,Cloreto de Potássio,7.555,27099.68
2023-01-01,134,Superfosfato Simples,6.135,13368.24
2023-06-01,134,Cloreto de Potássio,9.775,35114.52
2023-07-01,134,Superfosfato Simples,5.151,11150.82
2023-08-01,134,Superfosfato Simples,4.88,10148.86
2023-09-01,134,NPK,42.624,132620.44
2023-10-01,134,Cloreto de Potássio,42.979,153124.0
2023-11-01,134,Cloreto de Potássio,27.602,102234.63
2024-04-01,134,Superfosfato Simples,9.281,19520.65
2024-08-01,134,Cloreto de Potássio,7.676,28447.5
2024-09-01,134,NPK,34.766,107168.4
2024-10-01,134,Cloreto de Potássio,26.929,94842.81
2024-11-01,134,Cloreto de Potássio,41.004,146815.02
2025-01-01,134,NPK,8.439,27094.02
2025-02-01,134,Cloreto de Potássio,5.832,22004.71
2025-04-01,134,NPK,10.357,34323.87
2025-09-01,134,Cloreto de Potássio,30.361,107480.9
2025-10-01,134,Cloreto de Potássio,42.777,161437.4
2025-11-01,134,Superfosfato Simples,40.405,87824.64
2025-12-01,134,NPK,7.454,22920.77
2022-01-01,135,NPK,2.58,8628.38
2022-02-01,135,Ureia,4.071,11688.29
2022-03-01,135,NPK,17.057,55796.67
2022-04-01,135,Superfosfato Simples,12.53,26281.72
2022-08-01,135,Superfosfato Simples,3.915,8572.29
2022-09-01,135,Superfosfato Simples,14.331,29524.44
2023-03-01,135,Superfosfato Simples,17.411,37640.99
2023-04-01,135,Superfosfato Simples,14.975,30426.8
2023-05-01,135,NPK,3.439,11333.69
2023-07-01,135,Ureia,3.824,10988.88
2023-09-01,135,NPK,17.326,54943.3
2023-11-01,135,Ureia,3.721,10781.43
2024-03-01,135,Ureia,13.074,36643.43
2024-04-01,135,Ureia,12.054,32934.07
2024-05-01,135,Ureia,2.938,8516.24
2024-06-01,135,Superfosfato Simples,3.722,7588.45
2024-09-01,135,Superfosfato Simples,11.805,25769.07
2024-12-01,135,Ureia,3.011,8377.95
2025-01-01,135,Ureia,4.83,13235.39
2025-02-01,135,Ureia,2.104,6051.55
2025-03-01,135,Superfosfato Simples,20.923,42235.79
2025-04-01,135,Ureia,20.552,58758.36
2025-06-01,135,Ureia,1.994,5586.28
2025-07-01,135,Ureia,4.538,12655.65
2025-09-01,135,NPK,16.38,53551.99
2025-10-01,135,Ureia,2.517,7027.83
2022-02-01,136,NPK,14.876,46384.17
2022-03-01,136,Ureia,43.267,126287.79
2022-04-01,136,Superfosfato Simples,35.829,72451.42
2022-06-01,136,NPK,7.446,24194.62
2022-07-01,136,Superfosfato Simples,14.506,30899.01
2022-08-01,136,Ureia,7.644,22456.61
2022-09-01,136,Ureia,48.687,132834.52
2022-10-01,136,Superfosfato Simples,12.674,25665.18
2022-11-01,136,Ureia,10.813,31328.2
2022-12-01,136,Ureia,10.226,28656.44
2023-02-01,136,NPK,8.61,27106.48
2023-03-01,136,Ureia,55.931,156722.36
2023-04-01,136,NPK,42.039,132792.35
2023-06-01,136,Ureia,16.386,44746.08
2023-08-01,136,Ureia,15.03,42654.32
2023-09-01,136,NPK,45.019,148367.74
2023-10-01,136,Ureia,13.599,37511.92
2023-12-01,136,Ureia,10.655,29576.37
2024-03-01,136,NPK,37.17,114906.0
2024-04-01,136,Superfosfato Simples,42.095,91270.93
2024-06-01,136,Ureia,7.545,22161.98
2024-08-01,136,NPK,11.453,37099.68
2024-09-01,136,NPK,61.51,201273.09
2024-12-01,136,Ureia,7.195,20054.74
2025-03-01,136,NPK,41.374,133825.33
2025-04-01,136,Ureia,63.635,173014.47
2025-05-01,136,Ureia,14.931,40742.91
2025-06-01,136,Superfosfato Simples,10.186,21291.22
2025-07-01,136,Ureia,12.619,34294.81
2025-09-01,136,NPK,48.53,155510.42
2025-10-01,136,Ureia,8.001,22280.79
2025-11-01,136,Superfosfato Simples,15.426,31691.1
2022-01-01,137,Cloreto de Potássio,7.772,27193.53
2022-02-01,137,Ureia,6.014,16316.99
2022-04-01,137,NPK,0.954,3060.77
2022-06-01,137,NPK,1.629,5052.56
2022-07-01,137,NPK,1.916,5952.43
2022-08-01,137,Cloreto de Potássio,0.99,3472.23
2022-09-01,137,NPK,7.711,24388.63
2023-01-01,137,Ureia,5.721,16617.99
2023-02-01,137,NPK,6.403,20057.06
2023-03-01,137,NPK,0.984,3090.23
2023-04-01,137,Cloreto de Potássio,1.529,5512.6
2023-07-01,137,Ureia,1.416,3860.92
2023-09-01,137,NPK,7.577,24647.57
2023-10-01,137,Ureia,1.824,5174.43
2023-11-01,137,Cloreto de Potássio,2.097,7575.47
2024-01-01,137,Cloreto de Potássio,7.075,24905.7
2024-02-01,137,Ureia,6.006,17035.45
2024-03-01,137,Cloreto de Potássio,1.33,5002.73
2024-09-01,137,Cloreto de Potássio,5.927,21450.52
2024-10-01,137,Cloreto de Potássio,1.916,6957.84
2024-11-01,137,NPK,1.282,3988.14
2024-12-01,137,NPK,0.86,2761.36
2025-01-01,137,NPK,8.447,26691.52
2025-02-01,137,NPK,6.952,22832.38
2025-04-01,137,Ureia,1.022,2971.09
2025-08-01,137,Ureia,1.897,5460.98
2025-09-01,137,Cloreto de Potássio,8.916,32001.53
2025-10-01,137,Ureia,1.142,3095.78
2025-11-01,137,NPK,1.922,5952.65
2025-12-01,137,Ureia,0.995,2826.38
2022-01-01,138,Cloreto de Potássio,11.028,38254.82
2022-04-01,138,NPK,16.696,55920.04
2022-08-01,138,NPK,11.615,37736.93
2022-09-01,138,Superfosfato Simples,45.41,93431.33
2022-10-01,138,Superfosfato Simples,47.017,96364.79
2022-11-01,138,NPK,48.827,151217.75
2022-12-01,138,NPK,9.063,28937.46
2023-04-01,138,NPK,9.27,30942.88
2023-05-01,138,Cloreto de Potássio,13.823,51670.1
2023-09-01,138,Superfosfato Simples,57.936,120363.88
2023-10-01,138,Cloreto de Potássio,50.2,174957.17
2023-11-01,138,NPK,64.359,210190.67
2024-01-01,138,NPK,8.438,27483.91
2024-02-01,138,Cloreto de Potássio,9.715,34518.3
2024-03-01,138,Cloreto de Potássio,14.041,52619.72
2024-05-01,138,Cloreto de Potássio,7.987,29307.11
2024-08-01,138,Cloreto de Potássio,17.289,64560.65
2024-09-01,138,Cloreto de Potássio,46.268,162601.47
2024-10-01,138,Cloreto de Potássio,71.952,267522.43
2024-11-01,138,NPK,59.583,191817.93
2025-01-01,138,Superfosfato Simples,16.091,34156.61
2025-03-01,138,Superfosfato Simples,6.507,13387.68
2025-05-01,138,NPK,7.426,23387.27
2025-09-01,138,Cloreto de Potássio,66.215,241073.47
2025-10-01,138,Cloreto de Potássio,64.381,238619.06
2025-11-01,138,NPK,50.81,162205.35
2025-12-01,138,NPK,9.688,31200.46
2022-01-01,139,Ureia,9.585,27203.15
2022-03-01,139,NPK,66.018,211966.11
2022-04-01,139,NPK,61.225,200886.61
2022-06-01,139,Ureia,13.961,39573.16
2022-09-01,139,NPK,48.934,157212.9
2022-10-01,139,Ureia,9.913,27784.29
2022-11-01,139,NPK,11.524,35571.75
2022-12-01,139,Superfosfato Simples,7.638,16788.4
2023-03-01,139,Ureia,71.44,204262.54
2023-04-01,139,Superfosfato Simples,50.893,111493.97
2023-05-01,139,NPK,14.922,49631.96
2023-09-01,139,Ureia,53.37,145464.55
2023-11-01,139,Superfosfato Simples,11.927,24739.27
2024-02-01,139,Ureia,11.804,32809.95
2024-03-01,139,NPK,63.437,211310.83
2024-04-01,139,NPK,48.541,161907.34
2024-05-01,139,NPK,8.522,27761.68
2024-06-01,139,Superfosfato Simples,6.76,14639.36
2024-07-01,139,Superfosfato Simples,11.984,24575.16
2024-09-01,139,Superfosfato Simples,73.058,151167.86
2025-03-01,139,NPK,55.194,180305.6
2025-04-01,139,NPK,60.737,199728.27
2025-05-01,139,Ureia,9.597,27480.88
2025-06-01,139,NPK,17.156,57581.96
2025-08-01,139,Ureia,16.802,48736.69
2025-09-01,139,Ureia,63.99,185364.05
2025-10-01,139,Superfosfato Simples,7.743,16228.31
2025-11-01,139,Superfosfato Simples,8.342,17957.84
2022-01-01,140,Ureia,23.963,69017.26
2022-02-01,140,Cloreto de Potássio,23.951,89730.16
2022-05-01,140,Cloreto de Potássio,6.582,24537.27
2022-07-01,140,NPK,8.191,25445.83
2022-09-01,140,Ureia,32.296,93099.65
2022-12-01,140,NPK,8.118,26366.41
2023-01-01,140,Ureia,24.215,65274.25
2023-02-01,140,Cloreto de Potássio,30.84,116112.37
2023-04-01,140,NPK,6.497,20524.78
2023-05-01,140,NPK,5.808,18442.33
2023-06-01,140,NPK,8.478,27506.52
2023-09-01,140,NPK,26.213,82477.57
2023-10-01,140,Ureia,4.5,12732.64
2023-12-01,140,Ureia,6.426,18402.38
2024-01-01,140,Cloreto de Potássio,33.103,115212.07
2024-02-01,140,NPK,28.43,91447.24
2024-03-01,140,Cloreto de Potássio,5.281,18714.96
2024-06-01,140,Ureia,6.721,18240.42
2024-07-01,140,Cloreto de Potássio,4.946,18148.1
2024-08-01,140,Ureia,6.328,17328.14
2024-09-01,140,NPK,24.97,77099.04
2024-10-01,140,Ureia,4.239,11871.15
2025-01-01,140,Cloreto de Potássio,27.485,102987.24
2025-02-01,140,Ureia,31.447,87716.12
2025-04-01,140,NPK,5.313,17596.03
2025-05-01,140,Cloreto de Potássio,5.714,21322.44
2025-08-01,140,Ureia,9.795,27912.61
2025-09-01,140,Ureia,27.195,75971.27
2025-11-01,140,NPK,7.639,25355.91
2022-03-01,141,Ureia,63.415,183893.94
2022-04-01,141,Ureia,72.616,206822.85
2022-05-01,141,Superfosfato Simples,27.42,59949.88
2022-09-01,141,Ureia,95.343,271705.15
2022-12-01,141,Ureia,16.791,45180.55
2023-01-01,141,Ureia,27.606,76279.81
2023-02-01,141,Ureia,16.919,47974.89
2023-03-01,141,Ureia,100.367,281383.84
2023-04-01,141,NPK,75.849,245456.8
2023-06-01,141,NPK,22.029,71790.73
2023-09-01,141,NPK,95.583,297291.02
2023-10-01,141,NPK,20.735,65025.46
2023-11-01,141,Superfosfato Simples,15.945,33750.73
2024-02-01,141,NPK,25.808,85429.54
2024-03-01,141,Superfosfato Simples,91.339,193578.6
2024-04-01,141,Superfosfato Simples,84.646,177873.79
2024-08-01,141,Ureia,20.381,55969.63
2024-09-01,141,NPK,73.46,238454.38
2024-10-01,141,Ureia,19.617,53369.92
2024-11-01,141,Superfosfato Simples,21.227,46424.72
2025-03-01,141,Ureia,97.612,286026.0
2025-04-01,141,NPK,90.432,288666.4
2025-07-01,141,NPK,20.564,65405.1
2025-08-01,141,Superfosfato Simples,31.117,67560.98
2025-09-01,141,Superfosfato Simples,104.521,221542.98
2025-11-01,141,NPK,27.011,87302.84
2022-01-01,142,NPK,29.079,97005.01
2022-02-01,142,Ureia,26.444,72779.48
2022-05-01,142,Ureia,4.792,12996.4
2022-09-01,142,Ureia,28.807,80354.75
2022-11-01,142,Cloreto de Potássio,4.418,16268.31
2022-12-01,142,Cloreto de Potássio,4.191,15765.8
2023-01-01,142,Cloreto de Potássio,33.384,122528.38
2023-02-01,142,Cloreto de Potássio,36.281,136387.31
2023-07-01,142,Cloreto de Potássio,5.662,20430.22
2023-09-01,142,NPK,30.136,99806.0
2023-12-01,142,Ureia,8.114,22484.18
2024-01-01,142,Ureia,37.047,104423.81
2024-02-01,142,Ureia,28.371,80338.09
2024-05-01,142,NPK,8.414,27201.67
2024-06-01,142,Cloreto de Potássio,4.558,17112.89
2024-07-01,142,NPK,4.001,12754.64
2024-09-01,142,NPK,23.391,73514.39
2024-10-01,142,Ureia,5.972,17462.04
2025-01-01,142,Cloreto de Potássio,32.026,120179.94
2025-02-01,142,Ureia,34.36,95040.59
2025-03-01,142,Cloreto de Potássio,5.091,17863.97
2025-07-01,142,Ureia,5.314,14353.44
2025-09-01,142,NPK,24.689,82888.06
2022-01-01,143,NPK,13.169,43091.11
2022-02-01,143,Superfosfato Simples,12.972,26325.58
2022-09-01,143,Cloreto de Potássio,48.91,182449.35
2022-10-01,143,Cloreto de Potássio,45.031,162825.61
2022-11-01,143,Superfosfato Simples,40.671,85190.32
2023-02-01,143,Superfosfato Simples,16.076,34952.15
2023-05-01,143,NPK,6.339,21257.88
2023-06-01,143,NPK,15.604,50107.51
2023-08-01,143,NPK,14.534,45770.18
2023-09-01,143,NPK,51.991,168775.54
2023-10-01,143,Superfosfato Simples,43.155,87012.35
2023-11-01,143,Superfosfato Simples,48.8,105174.67
2024-01-01,143,Superfosfato Simples,9.886,20663.36
2024-03-01,143,Superfosfato Simples,6.844,14433.78
2024-08-01,143,Cloreto de Potássio,5.694,19894.74
2024-09-01,143,NPK,41.14,133540.92
2024-10-01,143,NPK,57.691,178579.79
2024-11-01,143,Superfosfato Simples,53.736,112217.69
2024-12-01,143,NPK,14.316,44962.28
2025-02-01,143,Cloreto de Potássio,12.193,44621.29
2025-03-01,143,Superfosfato Simples,6.093,12297.82
2025-06-01,143,Cloreto de Potássio,7.493,27575.92
2025-07-01,143,NPK,7.576,24020.87
2025-09-01,143,Superfosfato Simples,49.629,109295.5
2025-10-01,143,Superfosfato Simples,51.212,112030.85
2025-11-01,143,Cloreto de Potássio,64.448,232909.39
2022-01-01,144,Ureia,52.513,149049.66
2022-02-01,144,Ureia,36.091,102464.89
2022-03-01,144,Cloreto de Potássio,10.085,36909.7
2022-04-01,144,Ureia,11.287,32275.73
2022-05-01,144,Ureia,11.636,32260.72
2022-09-01,144,Ureia,36.182,103258.04
2022-11-01,144,Cloreto de Potássio,5.783,21245.61
2023-01-01,144,NPK,33.066,108036.5
2023-02-01,144,NPK,48.182,157883.57
2023-04-01,144,Cloreto de Potássio,12.252,45037.89
2023-05-01,144,Ureia,6.477,17540.64
2023-06-01,144,Cloreto de Potássio,8.038,29269.76
2023-07-01,144,NPK,10.001,33038.55
2023-08-01,144,Ureia,6.112,16932.27
2023-09-01,144,Ureia,47.906,133157.22
2023-10-01,144,Cloreto de Potássio,6.129,22243.47
2024-01-01,144,Ureia,56.056,153730.92
2024-02-01,144,NPK,42.296,141239.05
2024-07-01,144,Cloreto de Potássio,7.866,29445.74
2024-09-01,144,Ureia,45.547,129590.72
2024-10-01,144,Ureia,4.961,14075.73
2024-11-01,144,Cloreto de Potássio,6.022,20868.25
2025-01-01,144,Ureia,35.07,100353.4
2025-02-01,144,NPK,51.357,166176.15
2025-03-01,144,Cloreto de Potássio,9.4,34463.81
2025-07-01,144,NPK,8.569,27184.8
2025-08-01,144,NPK,9.454,29744.59
2025-09-01,144,Ureia,43.156,116480.15
2025-11-01,144,NPK,11.397,35750.53
2022-01-01,145,Ureia,58.218,167029.09
2022-02-01,145,NPK,55.597,179270.58
2022-04-01,145,NPK,9.092,28341.47
2022-06-01,145,Cloreto de Potássio,9.559,34569.11
2022-09-01,145,NPK,48.163,149379.19
2023-01-01,145,NPK,40.411,134194.57
2023-02-01,145,NPK,47.414,145874.78
2023-04-01,145,Ureia,7.19,19455.37
2023-05-01,145,Ureia,12.848,36735.08
2023-06-01,145,Ureia,7.488,20724.09
2023-09-01,145,Ureia,56.768,156249.74
2024-01-01,145,Cloreto de Potássio,53.684,192061.05
2024-02-01,145,Ureia,54.935,149009.13
2024-03-01,145,NPK,16.246,52637.94
2024-06-01,145,Cloreto de Potássio,16.015,58654.31
2024-09-01,145,Cloreto de Potássio,61.28,219817.21
2024-12-01,145,NPK,12.186,39939.41
2025-01-01,145,Cloreto de Potássio,60.903,219557.87
2025-02-01,145,Cloreto de Potássio,54.078,195105.92
2025-03-01,145,Cloreto de Potássio,20.286,73251.92
2025-05-01,145,Ureia,12.49,36109.08
2025-09-01,145,Ureia,55.689,152353.56
2025-10-01,145,NPK,15.324,48014.05
2025-11-01,145,NPK,10.294,32480.24
2022-01-01,146,NPK,9.911,32774.26
2022-02-01,146,Superfosfato Simples,10.045,21882.42
2022-03-01,146,NPK,5.654,18381.84
2022-04-01,146,Cloreto de Potássio,5.534,20294.02
2022-08-01,146,NPK,6.291,20092.85
2022-09-01,146,NPK,31.629,101867.03
2022-10-01,146,Cloreto de Potássio,29.501,106683.42
2022-11-01,146,NPK,28.735,95634.79
2023-01-01,146,NPK,6.142,19448.87
2023-04-01,146,Cloreto de Potássio,4.866,17504.94
2023-05-01,146,NPK,7.901,24554.75
2023-07-01,146,NPK,10.644,34762.76
2023-09-01,146,Superfosfato Simples,43.534,94174.78
2023-10-01,146,Cloreto de Potássio,41.602,150069.37
2023-11-01,146,Superfosfato Simples,28.043,59217.78
2023-12-01,146,Cloreto de Potássio,10.574,39045.09
2024-02-01,146,NPK,4.222,13259.43
2024-03-01,146,Superfosfato Simples,6.306,13312.89
2024-05-01,146,Superfosfato Simples,5.095,10726.92
2024-06-01,146,Cloreto de Potássio,8.668,30715.58
2024-07-01,146,Cloreto de Potássio,10.381,37579.78
2024-09-01,146,NPK,34.036,112810.79
2024-10-01,146,NPK,32.56,102322.79
2024-11-01,146,Superfosfato Simples,37.088,81653.65
2024-12-01,146,Cloreto de Potássio,10.857,40849.03
2025-01-01,146,Cloreto de Potássio,6.269,22874.23
2025-02-01,146,NPK,5.822,19529.96
2025-03-01,146,Superfosfato Simples,8.451,18376.73
2025-04-01,146,NPK,10.719,33724.27
2025-05-01,146,Superfosfato Simples,7.188,15333.6
2025-08-01,146,NPK,9.244,28778.07
2025-09-01,146,Cloreto de Potássio,38.703,136472.16
2025-10-01,146,Superfosfato Simples,29.373,60644.15
2025-11-01,146,NPK,32.394,106218.54
2025-12-01,146,Superfosfato Simples,11.263,22865.07
2022-01-01,147,Cloreto de Potássio,24.407,86630.56
2022-02-01,147,Ureia,25.738,69210.23
2022-04-01,147,Ureia,4.856,13221.15
2022-06-01,147,NPK,5.549,17526.24
2022-07-01,147,NPK,6.416,21031.38
2022-08-01,147,Cloreto de Potássio,5.295,19627.98
2022-09-01,147,Ureia,25.419,69639.61
2023-01-01,147,NPK,22.153,68483.98
2023-02-01,147,Ureia,23.279,68366.64
2023-04-01,147,NPK,5.273,16908.67
2023-05-01,147,NPK,6.11,19458.69
2023-06-01,147,NPK,4.173,13568.83
2023-07-01,147,Cloreto de Potássio,6.04,21934.08
2023-08-01,147,NPK,7.282,22693.62
2023-09-01,147,Cloreto de Potássio,20.718,71999.83
2023-10-01,147,Ureia,4.559,12263.1
2024-01-01,147,Cloreto de Potássio,22.104,79301.59
2024-02-01,147,Cloreto de Potássio,21.921,82485.11
2024-04-01,147,Ureia,4.5,13220.02
2024-09-01,147,Cloreto de Potássio,22.784,84550.39
2025-01-01,147,NPK,25.928,82507.9
2025-02-01,147,Ureia,20.305,59142.92
2025-03-01,147,Cloreto de Potássio,4.368,15961.4
2025-04-01,147,Ureia,3.048,8347.87
2025-09-01,147,NPK,21.105,70105.99
2025-10-01,147,NPK,5.589,17481.65
2025-11-01,147,Ureia,4.726,13794.77
2022-03-01,148,Superfosfato Simples,8.877,19130.66
2022-05-01,148,NPK,13.97,43771.17
2022-06-01,148,Superfosfato Simples,6.727,13645.82
2022-07-01,148,Superfosfato Simples,13.734,29965.86
2022-09-01,148,Superfosfato Simples,54.382,112396.13
2022-10-01,148,Cloreto de Potássio,46.517,168699.81
2022-11-01,148,Cloreto de Potássio,54.235,191032.19
2022-12-01,148,Cloreto de Potássio,10.764,40645.57
2023-01-01,148,Superfosfato Simples,6.282,13423.38
2023-06-01,148,Superfosfato Simples,13.399,29500.71
2023-08-01,148,NPK,8.473,27984.73
2023-09-01,148,Superfosfato Simples,64.892,138186.72
2023-10-01,148,Cloreto de Potássio,59.812,218541.67
2023-11-01,148,Cloreto de Potássio,64.231,225178.15
2024-01-01,148,Cloreto de Potássio,11.462,41590.55
2024-03-01,148,Cloreto de Potássio,15.989,55603.49
2024-04-01,148,Superfosfato Simples,16.576,35054.7
2024-08-01,148,Superfosfato Simples,15.493,32756.54
2024-09-01,148,Cloreto de Potássio,54.794,191250.29
2024-10-01,148,NPK,52.138,162695.31
2024-11-01,148,Superfosfato Simples,59.934,124911.59
2025-01-01,148,Cloreto de Potássio,14.414,53731.36
2025-05-01,148,Cloreto de Potássio,7.972,28020.79
2025-06-01,148,Superfosfato Simples,14.826,30131.46
2025-08-01,148,NPK,18.632,59752.77
2025-09-01,148,NPK,55.923,186070.92
2025-10-01,148,Superfosfato Simples,71.3,147950.73
2025-11-01,148,NPK,62.861,210010.21
2025-12-01,148,NPK,9.363,29356.55
2022-01-01,149,Cloreto de Potássio,34.141,128453.88
2022-02-01,149,Ureia,25.718,70607.63
2022-03-01,149,NPK,7.183,22720.63
2022-05-01,149,Ureia,8.008,22879.79
2022-06-01,149,Cloreto de Potássio,10.661,37959.98
2022-08-01,149,NPK,7.092,22200.28
2022-09-01,149,Cloreto de Potássio,39.035,141744.48
2022-10-01,149,NPK,10.41,33521.1
2023-01-01,149,Cloreto de Potássio,32.254,114631.04
2023-02-01,149,Cloreto de Potássio,36.781,134589.36
2023-04-01,149,Cloreto de Potássio,5.305,19096.02
2023-09-01,149,Ureia,32.208,91393.64
2023-10-01,149,Cloreto de Potássio,5.891,21509.52
2023-11-01,149,Cloreto de Potássio,5.896,20567.16
2023-12-01,149,Cloreto de Potássio,8.795,31498.21
2024-01-01,149,Cloreto de Potássio,41.332,153114.94
2024-02-01,149,NPK,37.317,114713.52
2024-04-01,149,Ureia,10.636,28715.74
2024-05-01,149,Cloreto de Potássio,6.15,22359.97
2024-07-01,149,Cloreto de Potássio,5.594,20259.72
2024-08-01,149,NPK,7.074,23608.34
2024-09-01,149,NPK,31.304,100590.99
2024-11-01,149,Ureia,11.157,32791.86
2025-01-01,149,NPK,34.769,111238.92
2025-02-01,149,Cloreto de Potássio,43.778,164045.38
2025-07-01,149,Ureia,6.934,19263.23
2025-08-01,149,Cloreto de Potássio,8.438,31559.84
2025-09-01,149,NPK,31.436,98956.17
2025-11-01,149,Ureia,7.605,21038.96
2022-01-01,150,Cloreto de Potássio,37.45,130669.73
2022-02-01,150,Cloreto de Potássio,33.458,124230.3
2022-03-01,150,NPK,6.487,20140.73
2022-04-01,150,Cloreto de Potássio,8.831,32241.66
2022-05-01,150,NPK,9.519,30936.35
2022-07-01,150,NPK,6.146,20304.16
2022-08-01,150,NPK,7.784,24836.1
2022-09-01,150,Ureia,44.111,128741.25
2022-10-01,150,NPK,11.434,38266.03
2022-11-01,150,Ureia,5.005,14226.79
2023-01-01,150,Ureia,47.655,138527.76
2023-02-01,150,NPK,44.081,141167.89
2023-03-01,150,Ureia,10.496,29965.68
2023-06-01,150,Ureia,10.797,29394.29
2023-07-01,150,Cloreto de Potássio,7.515,27583.45
2023-08-01,150,Ureia,12.632,34910.07
2023-09-01,150,NPK,44.923,138895.81
2023-11-01,150,NPK,9.675,29788.38
2024-01-01,150,NPK,36.645,121507.82
2024-02-01,150,Cloreto de Potássio,46.666,163127.33
2024-03-01,150,Cloreto de Potássio,10.138,35307.36
2024-04-01,150,Cloreto de Potássio,8.06,28155.43
2024-09-01,150,Ureia,37.714,105219.47
2024-10-01,150,Ureia,11.714,32160.05
2024-11-01,150,NPK,12.823,41973.87
2025-01-01,150,Ureia,49.913,142895.26
2025-02-01,150,Cloreto de Potássio,48.571,183538.95
2025-03-01,150,NPK,10.651,33605.2
2025-04-01,150,Ureia,6.83,19756.46
2025-06-01,150,Ureia,9.041,25612.56
2025-07-01,150,Ureia,9.188,25988.93
2025-09-01,150,Cloreto de Potássio,42.197,156035.5
2025-10-01,150,Ureia,9.728,26490.96
2022-03-01,151,NPK,3.027,9415.45
2022-04-01,151,Superfosfato Simples,3.824,7737.82
2022-05-01,151,Cloreto de Potássio,3.628,13189.26
2022-06-01,151,NPK,5.123,15876.23
2022-07-01,151,Superfosfato Simples,5.379,11153.56
2022-08-01,151,Superfosfato Simples,3.114,6374.47
2022-09-01,151,NPK,22.637,72526.26
2022-10-01,151,Cloreto de Potássio,29.531,110495.11
2022-11-01,151,NPK,21.277,66037.27
2023-04-01,151,Superfosfato Simples,6.337,13232.18
2023-05-01,151,NPK,4.458,14515.85
2023-08-01,151,Superfosfato Simples,3.673,7435.99
2023-09-01,151,Superfosfato Simples,22.879,47522.39
2023-10-01,151,Cloreto de Potássio,30.593,109132.0
2023-11-01,151,Cloreto de Potássio,29.293,108634.67
2023-12-01,151,Cloreto de Potássio,4.04,14146.39
2024-03-01,151,NPK,4.557,14085.86
2024-04-01,151,Superfosfato Simples,4.406,8952.19
2024-05-01,151,NPK,4.583,14550.97
2024-07-01,151,Cloreto de Potássio,5.773,21054.39
2024-09-01,151,NPK,21.762,68667.38
2024-10-01,151,Cloreto de Potássio,24.433,88363.34
2024-11-01,151,NPK,21.94,67726.78
2025-04-01,151,Cloreto de Potássio,5.032,17726.66
2025-09-01,151,Superfosfato Simples,24.657,50192.63
2025-10-01,151,Superfosfato Simples,28.51,57894.39
2025-11-01,151,Superfosfato Simples,22.399,46872.56
2022-01-01,152,NPK,40.686,134817.84
2022-02-01,152,Ureia,44.395,120931.21
2022-04-01,152,Cloreto de Potássio,7.694,26770.2
2022-05-01,152,Ureia,7.235,20184.71
2022-09-01,152,Cloreto de Potássio,49.548,182337.03
2022-11-01,152,Ureia,12.445,33979.66
2022-12-01,152,Ureia,6.492,18110.97
2023-01-01,152,Ureia,42.498,116977.27
2023-02-01,152,Ureia,52.458,142268.88
2023-03-01,152,Cloreto de Potássio,8.835,32020.3
2023-05-01,152,NPK,7.156,22461.59
2023-06-01,152,Ureia,6.822,18977.81
2023-09-01,152,Ureia,59.107,171545.35
2024-01-01,152,Ureia,42.762,117399.3
2024-02-01,152,NPK,38.482,128804.75
2024-06-01,152,Cloreto de Potássio,9.401,33352.79
2024-09-01,152,NPK,45.96,149255.59
2025-01-01,152,NPK,48.695,152029.39
2025-02-01,152,NPK,42.499,133586.47
2025-03-01,152,Ureia,11.82,32596.43
2025-04-01,152,Cloreto de Potássio,11.53,41610.56
2025-07-01,152,NPK,8.29,27811.03
2025-09-01,152,Ureia,56.588,155923.3
2025-10-01,152,Ureia,8.756,25460.95
2025-12-01,152,NPK,9.299,29832.56
2022-01-01,153,Superfosfato Simples,1.884,4046.67
2022-03-01,153,Cloreto de Potássio,3.604,12962.56
2022-07-01,153,NPK,3.353,11036.15
2022-08-01,153,Superfosfato Simples,3.03,6251.56
2022-09-01,153,Superfosfato Simples,11.981,25863.28
2022-10-01,153,NPK,12.655,39961.57
2022-11-01,153,Superfosfato Simples,10.295,21645.23
2022-12-01,153,Superfosfato Simples,4.023,8585.81
2023-01-01,153,Superfosfato Simples,2.094,4334.94
2023-05-01,153,Cloreto de Potássio,1.583,5845.63
2023-07-01,153,Superfosfato Simples,2.731,5893.87
2023-08-01,153,NPK,3.077,9766.68
2023-09-01,153,NPK,12.07,37431.89
2023-10-01,153,NPK,14.642,47909.44
2023-11-01,153,Cloreto de Potássio,9.701,36061.28
2024-04-01,153,Superfosfato Simples,1.341,2858.96
2024-05-01,153,NPK,4.254,13749.39
2024-07-01,153,NPK,2.683,8998.69
2024-09-01,153,Cloreto de Potássio,11.764,42169.03
2024-10-01,153,NPK,11.238,36946.22
2024-11-01,153,Cloreto de Potássio,15.915,59346.29
2025-01-01,153,Superfosfato Simples,2.171,4421.41
2025-03-01,153,Cloreto de Potássio,3.819,13212.51
2025-05-01,153,Superfosfato Simples,2.919,5945.3
2025-06-01,153,Cloreto de Potássio,3.248,11821.94
2025-09-01,153,Superfosfato Simples,14.19,30991.28
2025-10-01,153,Superfosfato Simples,11.104,22618.48
2025-11-01,153,NPK,10.604,33644.08
2025-12-01,153,Superfosfato Simples,1.533,3162.06
2022-01-01,154,Ureia,29.782,85768.51
2022-02-01,154,NPK,20.966,70277.07
2022-04-01,154,Ureia,5.362,15706.17
2022-06-01,154,Cloreto de Potássio,4.963,18433.94
2022-08-01,154,NPK,8.954,29055.22
2022-09-01,154,Cloreto de Potássio,24.131,84109.32
2022-11-01,154,Cloreto de Potássio,6.534,23973.85
2022-12-01,154,Ureia,3.226,9397.97
2023-01-01,154,NPK,22.487,74605.71
2023-02-01,154,Cloreto de Potássio,32.244,121874.5
2023-03-01,154,Ureia,3.68,10120.39
2023-05-01,154,Cloreto de Potássio,7.076,26597.19
2023-09-01,154,Ureia,21.707,60675.79
2023-10-01,154,NPK,6.569,21764.1
2023-11-01,154,NPK,4.081,12605.9
2024-01-01,154,Ureia,30.48,88003.7
2024-02-01,154,Cloreto de Potássio,25.79,89947.13
2024-03-01,154,Ureia,9.135,25253.44
2024-05-01,154,Cloreto de Potássio,4.577,17008.93
2024-09-01,154,NPK,31.153,98547.18
2024-10-01,154,Cloreto de Potássio,7.794,27474.26
2024-12-01,154,NPK,5.223,16327.13
2025-01-01,154,Ureia,24.128,65084.13
2025-02-01,154,Ureia,29.589,84438.74
2025-04-01,154,Cloreto de Potássio,8.512,29835.99
2025-06-01,154,NPK,3.566,11178.43
2025-08-01,154,NPK,6.076,18781.72
2025-09-01,154,NPK,31.847,99367.72
2025-11-01,154,Ureia,5.985,16090.72
2025-12-01,154,Ureia,5.231,15292.45
2022-01-01,155,Cloreto de Potássio,54.528,199288.96
2022-02-01,155,NPK,60.291,192609.52
2022-03-01,155,Cloreto de Potássio,13.059,46066.58
2022-06-01,155,NPK,13.816,44238.95
2022-07-01,155,NPK,15.279,50361.87
2022-09-01,155,NPK,51.453,167520.04
2023-01-01,155,NPK,60.568,186516.52
2023-02-01,155,Ureia,47.64,136019.86
2023-04-01,155,Ureia,13.092,35208.1
2023-05-01,155,NPK,13.348,44315.49
2023-07-01,155,Ureia,12.91,37555.08
2023-09-01,155,NPK,63.561,205171.77
2023-12-01,155,Cloreto de Potássio,14.911,52212.25
2024-01-01,155,Cloreto de Potássio,52.748,194604.11
2024-02-01,155,Cloreto de Potássio,52.109,182812.62
2024-04-01,155,NPK,8.766,26962.4
2024-09-01,155,NPK,71.267,219587.99
2024-12-01,155,Ureia,9.883,27133.77
2025-01-01,155,Ureia,62.802,183625.21
2025-02-01,155,NPK,49.418,154576.59
2025-03-01,155,Ureia,19.517,56229.81
2025-06-01,155,Ureia,15.84,45130.83
2025-07-01,155,Ureia,10.943,31066.04
2025-09-01,155,Cloreto de Potássio,48.115,166553.48
2025-11-01,155,Cloreto de Potássio,7.572,28482.87
2022-03-01,156,NPK,8.177,27309.48
2022-08-01,156,NPK,7.29,22573.34
2022-09-01,156,Superfosfato Simples,30.53,62836.8
2022-10-01,156,Cloreto de Potássio,30.156,113807.35
2022-11-01,156,NPK,32.211,105201.84
2023-01-01,156,NPK,8.581,26909.27
2023-02-01,156,Cloreto de Potássio,8.366,31436.89
2023-03-01,156,Superfosfato Simples,8.398,16952.18
2023-04-01,156,Cloreto de Potássio,7.611,28237.54
2023-05-01,156,Superfosfato Simples,5.719,12350.51
2023-07-01,156,Cloreto de Potássio,3.461,12596.4
2023-09-01,156,Superfosfato Simples,30.536,65068.01
2023-10-01,156,NPK,28.044,92030.08
2023-11-01,156,NPK,28.808,90435.69
2023-12-01,156,NPK,6.302,20084.05
2024-03-01,156,Cloreto de Potássio,6.324,23060.02
2024-04-01,156,NPK,4.214,13566.82
2024-06-01,156,Superfosfato Simples,6.936,15095.78
2024-09-01,156,NPK,35.232,111511.23
2024-10-01,156,Cloreto de Potássio,32.711,120206.42
2024-11-01,156,Cloreto de Potássio,25.837,90750.17
2025-04-01,156,Cloreto de Potássio,5.95,21038.6
2025-05-01,156,Cloreto de Potássio,7.283,25914.12
2025-07-01,156,Cloreto de Potássio,9.44,34346.91
2025-09-01,156,Cloreto de Potássio,25.597,88972.73
2025-10-01,156,Superfosfato Simples,36.715,75019.44
2025-11-01,156,Cloreto de Potássio,37.761,134892.22
2025-12-01,156,Superfosfato Simples,8.814,19304.31
2022-01-01,157,Ureia,41.496,114464.33
2022-02-01,157,NPK,54.557,173763.24
2022-03-01,157,NPK,12.974,40446.24
2022-05-01,157,Ureia,12.638,34932.86
2022-08-01,157,Ureia,14.406,40866.45
2022-09-01,157,Ureia,57.437,161263.54
2022-10-01,157,Ureia,5.449,15772.08
2022-11-01,157,Ureia,14.244,40392.64
2023-01-01,157,NPK,50.087,153976.75
2023-02-01,157,Cloreto de Potássio,43.087,157075.92
2023-08-01,157,Ureia,6.123,17455.6
2023-09-01,157,NPK,45.386,145050.14
2024-01-01,157,Cloreto de Potássio,59.946,216733.7
2024-02-01,157,Cloreto de Potássio,51.636,183625.35
2024-03-01,157,Ureia,12.484,34270.83
2024-05-01,157,Ureia,15.148,43553.69
2024-08-01,157,Ureia,11.631,32099.07
2024-09-01,157,NPK,49.408,163703.8
2024-11-01,157,NPK,6.964,21786.13
2024-12-01,157,Cloreto de Potássio,17.116,61655.95
2025-01-01,157,Cloreto de Potássio,59.599,214239.07
2025-02-01,157,NPK,40.772,132861.82
2025-03-01,157,Cloreto de Potássio,6.194,21727.8
2025-05-01,157,NPK,9.757,31834.24
2025-06-01,157,Ureia,11.974,32395.06
2025-09-01,157,Ureia,60.327,168032.91
2025-10-01,157,Ureia,12.189,33180.19
2022-01-01,158,Ureia,36.241,105352.2
2022-02-01,158,Cloreto de Potássio,34.149,121166.55
2022-05-01,158,Ureia,4.371,12417.05
2022-08-01,158,Ureia,6.123,17337.82
2022-09-01,158,Ureia,38.716,112592.82
2022-10-01,158,NPK,4.16,13192.35
2022-11-01,158,Cloreto de Potássio,7.317,25782.3
2022-12-01,158,NPK,9.353,29010.62
2023-01-01,158,Cloreto de Potássio,35.821,129564.77
2023-02-01,158,NPK,30.322,100969.5
2023-03-01,158,NPK,4.648,15171.92
2023-07-01,158,NPK,6.441,21392.82
2023-08-01,158,Ureia,10.054,28261.18
2023-09-01,158,NPK,41.706,130770.62
2023-10-01,158,NPK,6.461,21099.82
2023-12-01,158,NPK,9.384,30257.14
2024-01-01,158,Ureia,37.63,102711.12
2024-02-01,158,Cloreto de Potássio,42.391,151552.28
2024-05-01,158,Cloreto de Potássio,7.163,25056.14
2024-06-01,158,NPK,6.65,22073.47
2024-08-01,158,NPK,11.177,37154.97
2024-09-01,158,Ureia,37.262,107106.01
2024-10-01,158,Ureia,8.869,24415.16
2024-11-01,158,Cloreto de Potássio,9.583,33461.15
2025-01-01,158,Ureia,40.986,112091.94
2025-02-01,158,NPK,40.339,129282.59
2025-03-01,158,Cloreto de Potássio,10.219,37733.6
2025-05-01,158,NPK,12.179,40423.26
2025-09-01,158,Ureia,36.825,100875.1
2025-10-01,158,NPK,7.55,24401.48
2025-11-01,158,Ureia,12.509,34232.79
2025-12-01,158,Cloreto de Potássio,11.385,41923.94
2022-03-01,159,Cloreto de Potássio,5.992,20731.16
2022-05-01,159,Superfosfato Simples,7.145,14980.05
2022-09-01,159,NPK,27.806,92558.01
2022-10-01,159,Superfosfato Simples,29.359,64282.18
2022-11-01,159,Superfosfato Simples,23.997,49301.1
2022-12-01,159,Superfosfato Simples,4.509,9581.23
2023-02-01,159,Superfosfato Simples,4.462,9505.81
2023-04-01,159,NPK,3.371,11182.7
2023-05-01,159,Cloreto de Potássio,4.928,18430.98
2023-06-01,159,Cloreto de Potássio,3.607,12792.94
2023-07-01,159,NPK,3.689,11610.49
2023-09-01,159,NPK,34.521,109768.83
2023-10-01,159,NPK,34.395,106428.59
2023-11-01,159,NPK,30.621,98258.37
2023-12-01,159,Superfosfato Simples,6.289,13442.05
2024-03-01,159,Superfosfato Simples,7.448,16050.23
2024-05-01,159,NPK,3.212,9926.35
2024-07-01,159,Cloreto de Potássio,5.323,18725.58
2024-08-01,159,NPK,3.798,12189.55
2024-09-01,159,NPK,26.67,83444.04
2024-10-01,159,Cloreto de Potássio,26.416,95712.76
2024-11-01,159,NPK,24.64,79150.4
2024-12-01,159,Superfosfato Simples,5.652,11434.17
2025-01-01,159,Cloreto de Potássio,8.092,30318.91
2025-03-01,159,NPK,7.298,23335.71
2025-07-01,159,NPK,6.15,19900.17
2025-09-01,159,Superfosfato Simples,32.373,69766.22
2025-10-01,159,NPK,30.027,95821.59
2025-11-01,159,Cloreto de Potássio,25.6,95646.91
2022-01-01,160,Cloreto de Potássio,3.572,13089.72
2022-05-01,160,NPK,5.191,17422.91
2022-06-01,160,NPK,6.055,19093.23
2022-08-01,160,Superfosfato Simples,3.563,7507.58
2022-09-01,160,Cloreto de Potássio,22.84,82926.88
2022-10-01,160,Superfosfato Simples,21.784,45912.87
2022-11-01,160,NPK,25.407,78097.57
2022-12-01,160,Cloreto de Potássio,4.153,14593.32
2023-01-01,160,Superfosfato Simples,5.115,10526.43
2023-03-01,160,NPK,7.289,23063.43
2023-04-01,160,NPK,4.542,15219.63
2023-07-01,160,Superfosfato Simples,6.809,14915.86
2023-09-01,160,Cloreto de Potássio,24.648,91296.94
2023-10-01,160,NPK,23.991,80265.2
2023-11-01,160,Superfosfato Simples,28.187,61886.64
2024-01-01,160,NPK,5.106,16705.14
2024-06-01,160,NPK,3.262,10089.62
2024-07-01,160,NPK,6.33,19983.93
2024-09-01,160,NPK,23.565,74758.88
2024-10-01,160,Superfosfato Simples,29.674,63536.74
2024-11-01,160,Superfosfato Simples,28.436,61810.4
2024-12-01,160,Superfosfato Simples,8.337,17720.7
2025-01-01,160,Superfosfato Simples,3.488,7318.25
2025-02-01,160,Cloreto de Potássio,5.1,17692.84
2025-03-01,160,NPK,6.658,20826.85
2025-04-01,160,Cloreto de Potássio,3.184,11161.06
2025-05-01,160,Superfosfato Simples,8.184,17086.51
2025-06-01,160,NPK,4.023,13467.68
2025-08-01,160,NPK,6.43,21575.31
2025-09-01,160,Cloreto de Potássio,28.484,104838.85
2025-10-01,160,NPK,24.726,81386.41
2025-11-01,160,Superfosfato Simples,26.107,53195.64
2025-12-01,160,NPK,5.014,15466.34
2022-01-01,161,Ureia,44.17,123393.44
2022-02-01,161,NPK,30.943,98163.91
2022-03-01,161,NPK,6.381,21274.28
2022-04-01,161,Ureia,13.504,37049.65
2022-09-01,161,NPK,33.108,107147.12
2023-01-01,161,Cloreto de Potássio,42.716,160416.4
2023-02-01,161,NPK,52.077,170160.99
2023-05-01,161,NPK,6.493,21241.78
2023-06-01,161,Cloreto de Potássio,8.401,29420.33
2023-09-01,161,Ureia,52.012,152764.57
2024-01-01,161,Cloreto de Potássio,53.425,196326.06
2024-02-01,161,Cloreto de Potássio,38.702,134376.44
2024-04-01,161,Cloreto de Potássio,11.844,41025.3
2024-05-01,161,NPK,8.252,27435.38
2024-07-01,161,Cloreto de Potássio,12.755,47079.46
2024-08-01,161,Cloreto de Potássio,7.936,29765.58
2024-09-01,161,Ureia,44.969,130076.41
2024-12-01,161,Cloreto de Potássio,10.572,38553.13
2025-01-01,161,Ureia,37.268,107005.14
2025-02-01,161,Cloreto de Potássio,50.33,189712.15
2025-04-01,161,NPK,13.587,41991.53
2025-06-01,161,Ureia,12.642,35962.1
2025-08-01,161,NPK,12.19,38938.67
2025-09-01,161,Ureia,40.498,114306.21
2025-10-01,161,Ureia,10.723,31485.21
2025-11-01,161,Cloreto de Potássio,8.401,29858.87
2022-01-01,162,NPK,1.902,6320.5
2022-02-01,162,NPK,2.033,6266.65
2022-06-01,162,Cloreto de Potássio,2.041,7382.48
2022-09-01,162,NPK,12.824,41455.09
2022-10-01,162,NPK,14.77,48211.83
2022-11-01,162,Cloreto de Potássio,12.055,44526.79
2023-02-01,162,Cloreto de Potássio,2.315,8518.24
2023-06-01,162,NPK,2.95,9410.03
2023-09-01,162,NPK,14.459,44783.59
2023-10-01,162,Superfosfato Simples,13.718,28074.12
2023-11-01,162,NPK,13.041,40753.3
2024-02-01,162,Superfosfato Simples,2.685,5511.77
2024-03-01,162,Cloreto de Potássio,1.563,5487.32
2024-04-01,162,Superfosfato Simples,3.065,6490.57
2024-05-01,162,NPK,2.565,8476.88
2024-06-01,162,Superfosfato Simples,1.586,3340.25
2024-09-01,162,Cloreto de Potássio,15.721,55841.45
2024-10-01,162,Superfosfato Simples,11.585,24164.09
2024-11-01,162,NPK,12.045,40208.52
2024-12-01,162,Cloreto de Potássio,3.515,12272.39
2025-01-01,162,Superfosfato Simples,2.381,4884.91
2025-03-01,162,Cloreto de Potássio,3.179,11880.05
2025-09-01,162,NPK,15.095,46615.65
2025-10-01,162,NPK,14.064,46114.44
2025-11-01,162,Superfosfato Simples,10.233,21864.8
